Game ID,Game Name,Bet Name,Market Name,Sportsbook,line,Odds,Player Name
37337-12164-2024-10-03-16,Milwaukee Brewers vs New York Mets,Jose Quintana Over 4.5,Player Hits Allowed,DraftKings (Pick 6),4.5,-145.0,Jose Quintana
37337-12164-2024-10-03-16,Milwaukee Brewers vs New York Mets,Jose Quintana Under 4.5,Player Hits Allowed,DraftKings (Pick 6),4.5,-145.0,Jose Quintana
37337-12164-2024-10-03-16,Milwaukee Brewers vs New York Mets,Tobias Myers Over 4.5,Player Hits Allowed,DraftKings (Pick 6),4.5,-145.0,Tobias Myers
37337-12164-2024-10-03-16,Milwaukee Brewers vs New York Mets,Tobias Myers Under 4.5,Player Hits Allowed,DraftKings (Pick 6),4.5,-145.0,Tobias Myers
37337-12164-2024-10-03-16,Milwaukee Brewers vs New York Mets,Blake Perkins Over 0.5,Player Singles,DraftKings (Pick 6),0.5,-145.0,Blake Perkins
37337-12164-2024-10-03-16,Milwaukee Brewers vs New York Mets,Blake Perkins Under 0.5,Player Singles,DraftKings (Pick 6),0.5,-145.0,Blake Perkins
37337-12164-2024-10-03-16,Milwaukee Brewers vs New York Mets,Brandon Nimmo Over 0.5,Player Singles,DraftKings (Pick 6),0.5,-145.0,Brandon Nimmo
37337-12164-2024-10-03-16,Milwaukee Brewers vs New York Mets,Brandon Nimmo Under 0.5,Player Singles,DraftKings (Pick 6),0.5,-145.0,Brandon Nimmo
37337-12164-2024-10-03-16,Milwaukee Brewers vs New York Mets,Brice Turang Over 0.5,Player Singles,DraftKings (Pick 6),0.5,-145.0,Brice Turang
37337-12164-2024-10-03-16,Milwaukee Brewers vs New York Mets,Brice Turang Under 0.5,Player Singles,DraftKings (Pick 6),0.5,-145.0,Brice Turang
37337-12164-2024-10-03-16,Milwaukee Brewers vs New York Mets,Francisco Lindor Over 0.5,Player Singles,DraftKings (Pick 6),0.5,-145.0,Francisco Lindor
37337-12164-2024-10-03-16,Milwaukee Brewers vs New York Mets,Francisco Lindor Under 0.5,Player Singles,DraftKings (Pick 6),0.5,-145.0,Francisco Lindor
37337-12164-2024-10-03-16,Milwaukee Brewers vs New York Mets,Jackson Chourio Over 0.5,Player Singles,DraftKings (Pick 6),0.5,-145.0,Jackson Chourio
37337-12164-2024-10-03-16,Milwaukee Brewers vs New York Mets,Jackson Chourio Under 0.5,Player Singles,DraftKings (Pick 6),0.5,-145.0,Jackson Chourio
37337-12164-2024-10-03-16,Milwaukee Brewers vs New York Mets,Joey Ortiz Over 0.5,Player Singles,DraftKings (Pick 6),0.5,-145.0,Joey Ortiz
37337-12164-2024-10-03-16,Milwaukee Brewers vs New York Mets,Joey Ortiz Under 0.5,Player Singles,DraftKings (Pick 6),0.5,-145.0,Joey Ortiz
37337-12164-2024-10-03-16,Milwaukee Brewers vs New York Mets,Mark Vientos Over 0.5,Player Singles,DraftKings (Pick 6),0.5,-145.0,Mark Vientos
37337-12164-2024-10-03-16,Milwaukee Brewers vs New York Mets,Mark Vientos Under 0.5,Player Singles,DraftKings (Pick 6),0.5,-145.0,Mark Vientos
37337-12164-2024-10-03-16,Milwaukee Brewers vs New York Mets,Sal Frelick Over 0.5,Player Singles,DraftKings (Pick 6),0.5,-145.0,Sal Frelick
37337-12164-2024-10-03-16,Milwaukee Brewers vs New York Mets,Sal Frelick Under 0.5,Player Singles,DraftKings (Pick 6),0.5,-145.0,Sal Frelick
37337-12164-2024-10-03-16,Milwaukee Brewers vs New York Mets,Starling Marte Over 0.5,Player Singles,DraftKings (Pick 6),0.5,-145.0,Starling Marte
37337-12164-2024-10-03-16,Milwaukee Brewers vs New York Mets,Starling Marte Under 0.5,Player Singles,DraftKings (Pick 6),0.5,-145.0,Starling Marte
37337-12164-2024-10-03-16,Milwaukee Brewers vs New York Mets,William Contreras Over 0.5,Player Singles,DraftKings (Pick 6),0.5,-145.0,William Contreras
37337-12164-2024-10-03-16,Milwaukee Brewers vs New York Mets,William Contreras Under 0.5,Player Singles,DraftKings (Pick 6),0.5,-145.0,William Contreras
37337-12164-2024-10-03-16,Milwaukee Brewers vs New York Mets,Jose Quintana Over 4.5,Player Strikeouts,DraftKings (Pick 6),4.5,-145.0,Jose Quintana
37337-12164-2024-10-03-16,Milwaukee Brewers vs New York Mets,Jose Quintana Under 4.5,Player Strikeouts,DraftKings (Pick 6),4.5,-145.0,Jose Quintana
37337-12164-2024-10-03-16,Milwaukee Brewers vs New York Mets,Tobias Myers Over 3.5,Player Strikeouts,DraftKings (Pick 6),3.5,-145.0,Tobias Myers
37337-12164-2024-10-03-16,Milwaukee Brewers vs New York Mets,Tobias Myers Under 3.5,Player Strikeouts,DraftKings (Pick 6),3.5,-145.0,Tobias Myers
37337-12164-2024-10-03-16,Milwaukee Brewers vs New York Mets,Blake Perkins Over 1.5,Player Hits + Runs + RBIs,DraftKings (Pick 6),1.5,-145.0,Blake Perkins
37337-12164-2024-10-03-16,Milwaukee Brewers vs New York Mets,Blake Perkins Under 1.5,Player Hits + Runs + RBIs,DraftKings (Pick 6),1.5,-145.0,Blake Perkins
37337-12164-2024-10-03-16,Milwaukee Brewers vs New York Mets,Brandon Nimmo Over 1.5,Player Hits + Runs + RBIs,DraftKings (Pick 6),1.5,-145.0,Brandon Nimmo
37337-12164-2024-10-03-16,Milwaukee Brewers vs New York Mets,Brandon Nimmo Under 1.5,Player Hits + Runs + RBIs,DraftKings (Pick 6),1.5,-145.0,Brandon Nimmo
37337-12164-2024-10-03-16,Milwaukee Brewers vs New York Mets,Francisco Lindor Over 1.5,Player Hits + Runs + RBIs,DraftKings (Pick 6),1.5,-145.0,Francisco Lindor
37337-12164-2024-10-03-16,Milwaukee Brewers vs New York Mets,Francisco Lindor Under 1.5,Player Hits + Runs + RBIs,DraftKings (Pick 6),1.5,-145.0,Francisco Lindor
37337-12164-2024-10-03-16,Milwaukee Brewers vs New York Mets,Jackson Chourio Over 1.5,Player Hits + Runs + RBIs,DraftKings (Pick 6),1.5,-145.0,Jackson Chourio
37337-12164-2024-10-03-16,Milwaukee Brewers vs New York Mets,Jackson Chourio Under 1.5,Player Hits + Runs + RBIs,DraftKings (Pick 6),1.5,-145.0,Jackson Chourio
37337-12164-2024-10-03-16,Milwaukee Brewers vs New York Mets,Jose Iglesias Over 1.5,Player Hits + Runs + RBIs,DraftKings (Pick 6),1.5,-145.0,Jose Iglesias
37337-12164-2024-10-03-16,Milwaukee Brewers vs New York Mets,Jose Iglesias Under 1.5,Player Hits + Runs + RBIs,DraftKings (Pick 6),1.5,-145.0,Jose Iglesias
37337-12164-2024-10-03-16,Milwaukee Brewers vs New York Mets,Mark Vientos Over 1.5,Player Hits + Runs + RBIs,DraftKings (Pick 6),1.5,-145.0,Mark Vientos
37337-12164-2024-10-03-16,Milwaukee Brewers vs New York Mets,Mark Vientos Under 1.5,Player Hits + Runs + RBIs,DraftKings (Pick 6),1.5,-145.0,Mark Vientos
37337-12164-2024-10-03-16,Milwaukee Brewers vs New York Mets,Pete Alonso Over 1.5,Player Hits + Runs + RBIs,DraftKings (Pick 6),1.5,-145.0,Pete Alonso
37337-12164-2024-10-03-16,Milwaukee Brewers vs New York Mets,Pete Alonso Under 1.5,Player Hits + Runs + RBIs,DraftKings (Pick 6),1.5,-145.0,Pete Alonso
37337-12164-2024-10-03-16,Milwaukee Brewers vs New York Mets,William Contreras Over 1.5,Player Hits + Runs + RBIs,DraftKings (Pick 6),1.5,-145.0,William Contreras
37337-12164-2024-10-03-16,Milwaukee Brewers vs New York Mets,William Contreras Under 1.5,Player Hits + Runs + RBIs,DraftKings (Pick 6),1.5,-145.0,William Contreras
37337-12164-2024-10-03-16,Milwaukee Brewers vs New York Mets,Willy Adames Over 1.5,Player Hits + Runs + RBIs,DraftKings (Pick 6),1.5,-145.0,Willy Adames
37337-12164-2024-10-03-16,Milwaukee Brewers vs New York Mets,Willy Adames Under 1.5,Player Hits + Runs + RBIs,DraftKings (Pick 6),1.5,-145.0,Willy Adames
37337-12164-2024-10-03-16,Milwaukee Brewers vs New York Mets,Francisco Alvarez Over 0.5,Player Hits,DraftKings (Pick 6),0.5,-145.0,Francisco Alvarez
37337-12164-2024-10-03-16,Milwaukee Brewers vs New York Mets,Francisco Alvarez Under 0.5,Player Hits,DraftKings (Pick 6),0.5,-145.0,Francisco Alvarez
37337-12164-2024-10-03-16,Milwaukee Brewers vs New York Mets,Gary Sanchez Over 0.5,Player Hits,DraftKings (Pick 6),0.5,-145.0,Gary Sanchez
37337-12164-2024-10-03-16,Milwaukee Brewers vs New York Mets,Gary Sanchez Under 0.5,Player Hits,DraftKings (Pick 6),0.5,-145.0,Gary Sanchez
37337-12164-2024-10-03-16,Milwaukee Brewers vs New York Mets,Jesse Winker Over 0.5,Player Hits,DraftKings (Pick 6),0.5,-145.0,Jesse Winker
37337-12164-2024-10-03-16,Milwaukee Brewers vs New York Mets,Jesse Winker Under 0.5,Player Hits,DraftKings (Pick 6),0.5,-145.0,Jesse Winker
37337-12164-2024-10-03-16,Milwaukee Brewers vs New York Mets,Joey Ortiz Over 0.5,Player Hits,DraftKings (Pick 6),0.5,-145.0,Joey Ortiz
37337-12164-2024-10-03-16,Milwaukee Brewers vs New York Mets,Joey Ortiz Under 0.5,Player Hits,DraftKings (Pick 6),0.5,-145.0,Joey Ortiz
37337-12164-2024-10-03-16,Milwaukee Brewers vs New York Mets,Rhys Hoskins Over 0.5,Player Hits,DraftKings (Pick 6),0.5,-145.0,Rhys Hoskins
37337-12164-2024-10-03-16,Milwaukee Brewers vs New York Mets,Rhys Hoskins Under 0.5,Player Hits,DraftKings (Pick 6),0.5,-145.0,Rhys Hoskins
37337-12164-2024-10-03-16,Milwaukee Brewers vs New York Mets,Tyrone Taylor Over 0.5,Player Hits,DraftKings (Pick 6),0.5,-145.0,Tyrone Taylor
37337-12164-2024-10-03-16,Milwaukee Brewers vs New York Mets,Tyrone Taylor Under 0.5,Player Hits,DraftKings (Pick 6),0.5,-145.0,Tyrone Taylor
34048-25683-2024-10-05-17,Los Angeles Dodgers vs San Diego Padres,Donovan Solano Over 1.5,Player Hits,DraftKings,1.5,360.0,Donovan Solano
34048-25683-2024-10-05-17,Los Angeles Dodgers vs San Diego Padres,Fernando Tatis Jr. Over 1.5,Player Hits,DraftKings,1.5,240.0,Fernando Tatis Jr.
34048-25683-2024-10-05-17,Los Angeles Dodgers vs San Diego Padres,Fernando Tatis Jr. Over 2.5,Player Hits,DraftKings,2.5,1000.0,Fernando Tatis Jr.
34048-25683-2024-10-05-17,Los Angeles Dodgers vs San Diego Padres,Freddie Freeman Over 1.5,Player Hits,DraftKings,1.5,300.0,Freddie Freeman
34048-25683-2024-10-05-17,Los Angeles Dodgers vs San Diego Padres,Gavin Lux Over 1.5,Player Hits,DraftKings,1.5,600.0,Gavin Lux
34048-25683-2024-10-05-17,Los Angeles Dodgers vs San Diego Padres,Jackson Merrill Over 1.5,Player Hits,DraftKings,1.5,190.0,Jackson Merrill
34048-25683-2024-10-05-17,Los Angeles Dodgers vs San Diego Padres,Jackson Merrill Over 2.5,Player Hits,DraftKings,2.5,750.0,Jackson Merrill
34048-25683-2024-10-05-17,Los Angeles Dodgers vs San Diego Padres,Jake Cronenworth Over 1.5,Player Hits,DraftKings,1.5,400.0,Jake Cronenworth
34048-25683-2024-10-05-17,Los Angeles Dodgers vs San Diego Padres,Jurickson Profar Over 1.5,Player Hits,DraftKings,1.5,310.0,Jurickson Profar
34048-25683-2024-10-05-17,Los Angeles Dodgers vs San Diego Padres,Kyle Higashioka Over 1.5,Player Hits,DraftKings,1.5,750.0,Kyle Higashioka
34048-25683-2024-10-05-17,Los Angeles Dodgers vs San Diego Padres,Luis Arraez Over 0.5,Player Hits,DraftKings,0.5,-300.0,Luis Arraez
34048-25683-2024-10-05-17,Los Angeles Dodgers vs San Diego Padres,Luis Arraez Over 2.5,Player Hits,DraftKings,2.5,600.0,Luis Arraez
34048-25683-2024-10-05-17,Los Angeles Dodgers vs San Diego Padres,Manny Machado Over 1.5,Player Hits,DraftKings,1.5,255.0,Manny Machado
34048-25683-2024-10-05-17,Los Angeles Dodgers vs San Diego Padres,Manny Machado Over 2.5,Player Hits,DraftKings,2.5,1100.0,Manny Machado
34048-25683-2024-10-05-17,Los Angeles Dodgers vs San Diego Padres,Max Muncy Over 1.5,Player Hits,DraftKings,1.5,550.0,Max Muncy
34048-25683-2024-10-05-17,Los Angeles Dodgers vs San Diego Padres,Miguel Rojas Over 1.5,Player Hits,DraftKings,1.5,400.0,Miguel Rojas
34048-25683-2024-10-05-17,Los Angeles Dodgers vs San Diego Padres,Mookie Betts Over 1.5,Player Hits,DraftKings,1.5,250.0,Mookie Betts
34048-25683-2024-10-05-17,Los Angeles Dodgers vs San Diego Padres,Mookie Betts Over 2.5,Player Hits,DraftKings,2.5,1200.0,Mookie Betts
34048-25683-2024-10-05-17,Los Angeles Dodgers vs San Diego Padres,Shohei Ohtani Over 1.5,Player Hits,DraftKings,1.5,270.0,Shohei Ohtani
34048-25683-2024-10-05-17,Los Angeles Dodgers vs San Diego Padres,Shohei Ohtani Over 2.5,Player Hits,DraftKings,2.5,1200.0,Shohei Ohtani
34048-25683-2024-10-05-17,Los Angeles Dodgers vs San Diego Padres,Teoscar Hernandez Over 1.5,Player Hits,DraftKings,1.5,340.0,Teoscar Hernandez
34048-25683-2024-10-05-17,Los Angeles Dodgers vs San Diego Padres,Tommy Edman Over 1.5,Player Hits,DraftKings,1.5,340.0,Tommy Edman
34048-25683-2024-10-05-17,Los Angeles Dodgers vs San Diego Padres,Will Smith Over 1.5,Player Hits,DraftKings,1.5,320.0,Will Smith
34048-25683-2024-10-05-17,Los Angeles Dodgers vs San Diego Padres,Xander Bogaerts Over 1.5,Player Hits,DraftKings,1.5,275.0,Xander Bogaerts
34048-25683-2024-10-05-17,Los Angeles Dodgers vs San Diego Padres,Xander Bogaerts Over 2.5,Player Hits,DraftKings,2.5,1300.0,Xander Bogaerts
34048-25683-2024-10-05-17,Los Angeles Dodgers vs San Diego Padres,Donovan Solano Over 0.5,Player Hits,DraftKings,0.5,-155.0,Donovan Solano
34048-25683-2024-10-05-17,Los Angeles Dodgers vs San Diego Padres,Donovan Solano Under 0.5,Player Hits,DraftKings,0.5,110.0,Donovan Solano
34048-25683-2024-10-05-17,Los Angeles Dodgers vs San Diego Padres,Fernando Tatis Jr. Over 0.5,Player Hits,DraftKings,0.5,-255.0,Fernando Tatis Jr.
34048-25683-2024-10-05-17,Los Angeles Dodgers vs San Diego Padres,Fernando Tatis Jr. Under 0.5,Player Hits,DraftKings,0.5,180.0,Fernando Tatis Jr.
34048-25683-2024-10-05-17,Los Angeles Dodgers vs San Diego Padres,Freddie Freeman Over 0.5,Player Hits,DraftKings,0.5,-200.0,Freddie Freeman
34048-25683-2024-10-05-17,Los Angeles Dodgers vs San Diego Padres,Freddie Freeman Under 0.5,Player Hits,DraftKings,0.5,140.0,Freddie Freeman
34048-25683-2024-10-05-17,Los Angeles Dodgers vs San Diego Padres,Gavin Lux Over 0.5,Player Hits,DraftKings,0.5,-115.0,Gavin Lux
34048-25683-2024-10-05-17,Los Angeles Dodgers vs San Diego Padres,Gavin Lux Under 0.5,Player Hits,DraftKings,0.5,-125.0,Gavin Lux
34048-25683-2024-10-05-17,Los Angeles Dodgers vs San Diego Padres,Jackson Merrill Over 0.5,Player Hits,DraftKings,0.5,-280.0,Jackson Merrill
34048-25683-2024-10-05-17,Los Angeles Dodgers vs San Diego Padres,Jackson Merrill Under 0.5,Player Hits,DraftKings,0.5,195.0,Jackson Merrill
34048-25683-2024-10-05-17,Los Angeles Dodgers vs San Diego Padres,Jake Cronenworth Over 0.5,Player Hits,DraftKings,0.5,-160.0,Jake Cronenworth
34048-25683-2024-10-05-17,Los Angeles Dodgers vs San Diego Padres,Jake Cronenworth Under 0.5,Player Hits,DraftKings,0.5,110.0,Jake Cronenworth
34048-25683-2024-10-05-17,Los Angeles Dodgers vs San Diego Padres,Jurickson Profar Over 0.5,Player Hits,DraftKings,0.5,-180.0,Jurickson Profar
34048-25683-2024-10-05-17,Los Angeles Dodgers vs San Diego Padres,Jurickson Profar Under 0.5,Player Hits,DraftKings,0.5,130.0,Jurickson Profar
34048-25683-2024-10-05-17,Los Angeles Dodgers vs San Diego Padres,Kyle Higashioka Over 0.5,Player Hits,DraftKings,0.5,110.0,Kyle Higashioka
34048-25683-2024-10-05-17,Los Angeles Dodgers vs San Diego Padres,Kyle Higashioka Under 0.5,Player Hits,DraftKings,0.5,-160.0,Kyle Higashioka
34048-25683-2024-10-05-17,Los Angeles Dodgers vs San Diego Padres,Luis Arraez Over 1.5,Player Hits,DraftKings,1.5,155.0,Luis Arraez
34048-25683-2024-10-05-17,Los Angeles Dodgers vs San Diego Padres,Luis Arraez Under 1.5,Player Hits,DraftKings,1.5,-225.0,Luis Arraez
34048-25683-2024-10-05-17,Los Angeles Dodgers vs San Diego Padres,Manny Machado Over 0.5,Player Hits,DraftKings,0.5,-235.0,Manny Machado
34048-25683-2024-10-05-17,Los Angeles Dodgers vs San Diego Padres,Manny Machado Under 0.5,Player Hits,DraftKings,0.5,165.0,Manny Machado
34048-25683-2024-10-05-17,Los Angeles Dodgers vs San Diego Padres,Max Muncy Over 0.5,Player Hits,DraftKings,0.5,-125.0,Max Muncy
34048-25683-2024-10-05-17,Los Angeles Dodgers vs San Diego Padres,Max Muncy Under 0.5,Player Hits,DraftKings,0.5,-115.0,Max Muncy
34048-25683-2024-10-05-17,Los Angeles Dodgers vs San Diego Padres,Miguel Rojas Over 0.5,Player Hits,DraftKings,0.5,-140.0,Miguel Rojas
34048-25683-2024-10-05-17,Los Angeles Dodgers vs San Diego Padres,Miguel Rojas Under 0.5,Player Hits,DraftKings,0.5,100.0,Miguel Rojas
34048-25683-2024-10-05-17,Los Angeles Dodgers vs San Diego Padres,Mookie Betts Over 0.5,Player Hits,DraftKings,0.5,-220.0,Mookie Betts
34048-25683-2024-10-05-17,Los Angeles Dodgers vs San Diego Padres,Mookie Betts Under 0.5,Player Hits,DraftKings,0.5,155.0,Mookie Betts
34048-25683-2024-10-05-17,Los Angeles Dodgers vs San Diego Padres,Shohei Ohtani Over 0.5,Player Hits,DraftKings,0.5,-240.0,Shohei Ohtani
34048-25683-2024-10-05-17,Los Angeles Dodgers vs San Diego Padres,Shohei Ohtani Under 0.5,Player Hits,DraftKings,0.5,165.0,Shohei Ohtani
34048-25683-2024-10-05-17,Los Angeles Dodgers vs San Diego Padres,Teoscar Hernandez Over 0.5,Player Hits,DraftKings,0.5,-175.0,Teoscar Hernandez
34048-25683-2024-10-05-17,Los Angeles Dodgers vs San Diego Padres,Teoscar Hernandez Under 0.5,Player Hits,DraftKings,0.5,125.0,Teoscar Hernandez
34048-25683-2024-10-05-17,Los Angeles Dodgers vs San Diego Padres,Tommy Edman Over 0.5,Player Hits,DraftKings,0.5,-170.0,Tommy Edman
34048-25683-2024-10-05-17,Los Angeles Dodgers vs San Diego Padres,Tommy Edman Under 0.5,Player Hits,DraftKings,0.5,120.0,Tommy Edman
34048-25683-2024-10-05-17,Los Angeles Dodgers vs San Diego Padres,Will Smith Over 0.5,Player Hits,DraftKings,0.5,-180.0,Will Smith
34048-25683-2024-10-05-17,Los Angeles Dodgers vs San Diego Padres,Will Smith Under 0.5,Player Hits,DraftKings,0.5,125.0,Will Smith
34048-25683-2024-10-05-17,Los Angeles Dodgers vs San Diego Padres,Xander Bogaerts Over 0.5,Player Hits,DraftKings,0.5,-195.0,Xander Bogaerts
34048-25683-2024-10-05-17,Los Angeles Dodgers vs San Diego Padres,Xander Bogaerts Under 0.5,Player Hits,DraftKings,0.5,135.0,Xander Bogaerts
34048-25683-2024-10-05-17,Los Angeles Dodgers vs San Diego Padres,Donovan Solano Over 0.5,Player Singles,DraftKings,0.5,105.0,Donovan Solano
34048-25683-2024-10-05-17,Los Angeles Dodgers vs San Diego Padres,Donovan Solano Under 0.5,Player Singles,DraftKings,0.5,-145.0,Donovan Solano
34048-25683-2024-10-05-17,Los Angeles Dodgers vs San Diego Padres,Fernando Tatis Jr. Over 0.5,Player Singles,DraftKings,0.5,-110.0,Fernando Tatis Jr.
34048-25683-2024-10-05-17,Los Angeles Dodgers vs San Diego Padres,Fernando Tatis Jr. Under 0.5,Player Singles,DraftKings,0.5,-120.0,Fernando Tatis Jr.
34048-25683-2024-10-05-17,Los Angeles Dodgers vs San Diego Padres,Freddie Freeman Over 0.5,Player Singles,DraftKings,0.5,-105.0,Freddie Freeman
34048-25683-2024-10-05-17,Los Angeles Dodgers vs San Diego Padres,Freddie Freeman Under 0.5,Player Singles,DraftKings,0.5,-130.0,Freddie Freeman
34048-25683-2024-10-05-17,Los Angeles Dodgers vs San Diego Padres,Gavin Lux Over 0.5,Player Singles,DraftKings,0.5,150.0,Gavin Lux
34048-25683-2024-10-05-17,Los Angeles Dodgers vs San Diego Padres,Gavin Lux Under 0.5,Player Singles,DraftKings,0.5,-210.0,Gavin Lux
34048-25683-2024-10-05-17,Los Angeles Dodgers vs San Diego Padres,Jackson Merrill Over 0.5,Player Singles,DraftKings,0.5,-120.0,Jackson Merrill
34048-25683-2024-10-05-17,Los Angeles Dodgers vs San Diego Padres,Jackson Merrill Under 0.5,Player Singles,DraftKings,0.5,-110.0,Jackson Merrill
34048-25683-2024-10-05-17,Los Angeles Dodgers vs San Diego Padres,Jake Cronenworth Over 0.5,Player Singles,DraftKings,0.5,120.0,Jake Cronenworth
34048-25683-2024-10-05-17,Los Angeles Dodgers vs San Diego Padres,Jake Cronenworth Under 0.5,Player Singles,DraftKings,0.5,-160.0,Jake Cronenworth
34048-25683-2024-10-05-17,Los Angeles Dodgers vs San Diego Padres,Jurickson Profar Over 0.5,Player Singles,DraftKings,0.5,105.0,Jurickson Profar
34048-25683-2024-10-05-17,Los Angeles Dodgers vs San Diego Padres,Jurickson Profar Under 0.5,Player Singles,DraftKings,0.5,-145.0,Jurickson Profar
34048-25683-2024-10-05-17,Los Angeles Dodgers vs San Diego Padres,Kyle Higashioka Over 0.5,Player Singles,DraftKings,0.5,205.0,Kyle Higashioka
34048-25683-2024-10-05-17,Los Angeles Dodgers vs San Diego Padres,Kyle Higashioka Under 0.5,Player Singles,DraftKings,0.5,-290.0,Kyle Higashioka
34048-25683-2024-10-05-17,Los Angeles Dodgers vs San Diego Padres,Luis Arraez Over 0.5,Player Singles,DraftKings,0.5,-225.0,Luis Arraez
34048-25683-2024-10-05-17,Los Angeles Dodgers vs San Diego Padres,Luis Arraez Under 0.5,Player Singles,DraftKings,0.5,165.0,Luis Arraez
34048-25683-2024-10-05-17,Los Angeles Dodgers vs San Diego Padres,Manny Machado Over 0.5,Player Singles,DraftKings,0.5,-110.0,Manny Machado
34048-25683-2024-10-05-17,Los Angeles Dodgers vs San Diego Padres,Manny Machado Under 0.5,Player Singles,DraftKings,0.5,-120.0,Manny Machado
34048-25683-2024-10-05-17,Los Angeles Dodgers vs San Diego Padres,Max Muncy Over 0.5,Player Singles,DraftKings,0.5,220.0,Max Muncy
34048-25683-2024-10-05-17,Los Angeles Dodgers vs San Diego Padres,Max Muncy Under 0.5,Player Singles,DraftKings,0.5,-310.0,Max Muncy
34048-25683-2024-10-05-17,Los Angeles Dodgers vs San Diego Padres,Miguel Rojas Over 0.5,Player Singles,DraftKings,0.5,105.0,Miguel Rojas
34048-25683-2024-10-05-17,Los Angeles Dodgers vs San Diego Padres,Miguel Rojas Under 0.5,Player Singles,DraftKings,0.5,-145.0,Miguel Rojas
34048-25683-2024-10-05-17,Los Angeles Dodgers vs San Diego Padres,Mookie Betts Over 0.5,Player Singles,DraftKings,0.5,-105.0,Mookie Betts
34048-25683-2024-10-05-17,Los Angeles Dodgers vs San Diego Padres,Mookie Betts Under 0.5,Player Singles,DraftKings,0.5,-130.0,Mookie Betts
34048-25683-2024-10-05-17,Los Angeles Dodgers vs San Diego Padres,Shohei Ohtani Over 0.5,Player Singles,DraftKings,0.5,120.0,Shohei Ohtani
34048-25683-2024-10-05-17,Los Angeles Dodgers vs San Diego Padres,Shohei Ohtani Under 0.5,Player Singles,DraftKings,0.5,-160.0,Shohei Ohtani
34048-25683-2024-10-05-17,Los Angeles Dodgers vs San Diego Padres,Teoscar Hernandez Over 0.5,Player Singles,DraftKings,0.5,120.0,Teoscar Hernandez
34048-25683-2024-10-05-17,Los Angeles Dodgers vs San Diego Padres,Teoscar Hernandez Under 0.5,Player Singles,DraftKings,0.5,-165.0,Teoscar Hernandez
34048-25683-2024-10-05-17,Los Angeles Dodgers vs San Diego Padres,Tommy Edman Over 0.5,Player Singles,DraftKings,0.5,100.0,Tommy Edman
34048-25683-2024-10-05-17,Los Angeles Dodgers vs San Diego Padres,Tommy Edman Under 0.5,Player Singles,DraftKings,0.5,-135.0,Tommy Edman
34048-25683-2024-10-05-17,Los Angeles Dodgers vs San Diego Padres,Will Smith Over 0.5,Player Singles,DraftKings,0.5,110.0,Will Smith
34048-25683-2024-10-05-17,Los Angeles Dodgers vs San Diego Padres,Will Smith Under 0.5,Player Singles,DraftKings,0.5,-145.0,Will Smith
34048-25683-2024-10-05-17,Los Angeles Dodgers vs San Diego Padres,Xander Bogaerts Over 0.5,Player Singles,DraftKings,0.5,-115.0,Xander Bogaerts
34048-25683-2024-10-05-17,Los Angeles Dodgers vs San Diego Padres,Xander Bogaerts Under 0.5,Player Singles,DraftKings,0.5,-115.0,Xander Bogaerts
34048-25683-2024-10-05-17,Los Angeles Dodgers vs San Diego Padres,Dylan Cease Over 2.5,Player Hits Allowed,DraftKings,2.5,-400.0,Dylan Cease
34048-25683-2024-10-05-17,Los Angeles Dodgers vs San Diego Padres,Dylan Cease Over 4.5,Player Hits Allowed,DraftKings,4.5,125.0,Dylan Cease
34048-25683-2024-10-05-17,Los Angeles Dodgers vs San Diego Padres,Dylan Cease Over 5.5,Player Hits Allowed,DraftKings,5.5,255.0,Dylan Cease
34048-25683-2024-10-05-17,Los Angeles Dodgers vs San Diego Padres,Dylan Cease Over 6.5,Player Hits Allowed,DraftKings,6.5,475.0,Dylan Cease
34048-25683-2024-10-05-17,Los Angeles Dodgers vs San Diego Padres,Jack Flaherty Over 2.5,Player Hits Allowed,DraftKings,2.5,-650.0,Jack Flaherty
34048-25683-2024-10-05-17,Los Angeles Dodgers vs San Diego Padres,Jack Flaherty Over 3.5,Player Hits Allowed,DraftKings,3.5,-255.0,Jack Flaherty
34048-25683-2024-10-05-17,Los Angeles Dodgers vs San Diego Padres,Jack Flaherty Over 5.5,Player Hits Allowed,DraftKings,5.5,155.0,Jack Flaherty
34048-25683-2024-10-05-17,Los Angeles Dodgers vs San Diego Padres,Jack Flaherty Over 6.5,Player Hits Allowed,DraftKings,6.5,285.0,Jack Flaherty
34048-25683-2024-10-05-17,Los Angeles Dodgers vs San Diego Padres,Dylan Cease Over 3.5,Player Hits Allowed,DraftKings,3.5,-165.0,Dylan Cease
34048-25683-2024-10-05-17,Los Angeles Dodgers vs San Diego Padres,Dylan Cease Under 3.5,Player Hits Allowed,DraftKings,3.5,115.0,Dylan Cease
34048-25683-2024-10-05-17,Los Angeles Dodgers vs San Diego Padres,Jack Flaherty Over 4.5,Player Hits Allowed,DraftKings,4.5,-125.0,Jack Flaherty
34048-25683-2024-10-05-17,Los Angeles Dodgers vs San Diego Padres,Jack Flaherty Under 4.5,Player Hits Allowed,DraftKings,4.5,-115.0,Jack Flaherty
34048-25683-2024-10-05-17,Los Angeles Dodgers vs San Diego Padres,Donovan Solano Over 1.5,Player Hits + Runs + RBIs,DraftKings,1.5,135.0,Donovan Solano
34048-25683-2024-10-05-17,Los Angeles Dodgers vs San Diego Padres,Donovan Solano Under 1.5,Player Hits + Runs + RBIs,DraftKings,1.5,-180.0,Donovan Solano
34048-25683-2024-10-05-17,Los Angeles Dodgers vs San Diego Padres,Fernando Tatis Jr. Over 1.5,Player Hits + Runs + RBIs,DraftKings,1.5,-130.0,Fernando Tatis Jr.
34048-25683-2024-10-05-17,Los Angeles Dodgers vs San Diego Padres,Fernando Tatis Jr. Under 1.5,Player Hits + Runs + RBIs,DraftKings,1.5,-105.0,Fernando Tatis Jr.
34048-25683-2024-10-05-17,Los Angeles Dodgers vs San Diego Padres,Freddie Freeman Over 1.5,Player Hits + Runs + RBIs,DraftKings,1.5,-105.0,Freddie Freeman
34048-25683-2024-10-05-17,Los Angeles Dodgers vs San Diego Padres,Freddie Freeman Under 1.5,Player Hits + Runs + RBIs,DraftKings,1.5,-130.0,Freddie Freeman
34048-25683-2024-10-05-17,Los Angeles Dodgers vs San Diego Padres,Gavin Lux Over 0.5,Player Hits + Runs + RBIs,DraftKings,0.5,-155.0,Gavin Lux
34048-25683-2024-10-05-17,Los Angeles Dodgers vs San Diego Padres,Gavin Lux Under 0.5,Player Hits + Runs + RBIs,DraftKings,0.5,115.0,Gavin Lux
34048-25683-2024-10-05-17,Los Angeles Dodgers vs San Diego Padres,Jackson Merrill Over 1.5,Player Hits + Runs + RBIs,DraftKings,1.5,-135.0,Jackson Merrill
34048-25683-2024-10-05-17,Los Angeles Dodgers vs San Diego Padres,Jackson Merrill Under 1.5,Player Hits + Runs + RBIs,DraftKings,1.5,100.0,Jackson Merrill
34048-25683-2024-10-05-17,Los Angeles Dodgers vs San Diego Padres,Jake Cronenworth Over 1.5,Player Hits + Runs + RBIs,DraftKings,1.5,115.0,Jake Cronenworth
34048-25683-2024-10-05-17,Los Angeles Dodgers vs San Diego Padres,Jake Cronenworth Under 1.5,Player Hits + Runs + RBIs,DraftKings,1.5,-155.0,Jake Cronenworth
34048-25683-2024-10-05-17,Los Angeles Dodgers vs San Diego Padres,Jurickson Profar Over 1.5,Player Hits + Runs + RBIs,DraftKings,1.5,100.0,Jurickson Profar
34048-25683-2024-10-05-17,Los Angeles Dodgers vs San Diego Padres,Jurickson Profar Under 1.5,Player Hits + Runs + RBIs,DraftKings,1.5,-135.0,Jurickson Profar
34048-25683-2024-10-05-17,Los Angeles Dodgers vs San Diego Padres,Kyle Higashioka Over 0.5,Player Hits + Runs + RBIs,DraftKings,0.5,-115.0,Kyle Higashioka
34048-25683-2024-10-05-17,Los Angeles Dodgers vs San Diego Padres,Kyle Higashioka Under 0.5,Player Hits + Runs + RBIs,DraftKings,0.5,-120.0,Kyle Higashioka
34048-25683-2024-10-05-17,Los Angeles Dodgers vs San Diego Padres,Luis Arraez Over 1.5,Player Hits + Runs + RBIs,DraftKings,1.5,-145.0,Luis Arraez
34048-25683-2024-10-05-17,Los Angeles Dodgers vs San Diego Padres,Luis Arraez Under 1.5,Player Hits + Runs + RBIs,DraftKings,1.5,105.0,Luis Arraez
34048-25683-2024-10-05-17,Los Angeles Dodgers vs San Diego Padres,Manny Machado Over 1.5,Player Hits + Runs + RBIs,DraftKings,1.5,-125.0,Manny Machado
34048-25683-2024-10-05-17,Los Angeles Dodgers vs San Diego Padres,Manny Machado Under 1.5,Player Hits + Runs + RBIs,DraftKings,1.5,-110.0,Manny Machado
34048-25683-2024-10-05-17,Los Angeles Dodgers vs San Diego Padres,Max Muncy Over 1.5,Player Hits + Runs + RBIs,DraftKings,1.5,120.0,Max Muncy
34048-25683-2024-10-05-17,Los Angeles Dodgers vs San Diego Padres,Max Muncy Under 1.5,Player Hits + Runs + RBIs,DraftKings,1.5,-165.0,Max Muncy
34048-25683-2024-10-05-17,Los Angeles Dodgers vs San Diego Padres,Miguel Rojas Over 1.5,Player Hits + Runs + RBIs,DraftKings,1.5,135.0,Miguel Rojas
34048-25683-2024-10-05-17,Los Angeles Dodgers vs San Diego Padres,Miguel Rojas Under 1.5,Player Hits + Runs + RBIs,DraftKings,1.5,-190.0,Miguel Rojas
34048-25683-2024-10-05-17,Los Angeles Dodgers vs San Diego Padres,Mookie Betts Over 1.5,Player Hits + Runs + RBIs,DraftKings,1.5,-120.0,Mookie Betts
34048-25683-2024-10-05-17,Los Angeles Dodgers vs San Diego Padres,Mookie Betts Under 1.5,Player Hits + Runs + RBIs,DraftKings,1.5,-115.0,Mookie Betts
34048-25683-2024-10-05-17,Los Angeles Dodgers vs San Diego Padres,Shohei Ohtani Over 1.5,Player Hits + Runs + RBIs,DraftKings,1.5,-145.0,Shohei Ohtani
34048-25683-2024-10-05-17,Los Angeles Dodgers vs San Diego Padres,Shohei Ohtani Under 1.5,Player Hits + Runs + RBIs,DraftKings,1.5,105.0,Shohei Ohtani
34048-25683-2024-10-05-17,Los Angeles Dodgers vs San Diego Padres,Teoscar Hernandez Over 1.5,Player Hits + Runs + RBIs,DraftKings,1.5,100.0,Teoscar Hernandez
34048-25683-2024-10-05-17,Los Angeles Dodgers vs San Diego Padres,Teoscar Hernandez Under 1.5,Player Hits + Runs + RBIs,DraftKings,1.5,-135.0,Teoscar Hernandez
34048-25683-2024-10-05-17,Los Angeles Dodgers vs San Diego Padres,Tommy Edman Over 1.5,Player Hits + Runs + RBIs,DraftKings,1.5,120.0,Tommy Edman
34048-25683-2024-10-05-17,Los Angeles Dodgers vs San Diego Padres,Tommy Edman Under 1.5,Player Hits + Runs + RBIs,DraftKings,1.5,-165.0,Tommy Edman
34048-25683-2024-10-05-17,Los Angeles Dodgers vs San Diego Padres,Will Smith Over 1.5,Player Hits + Runs + RBIs,DraftKings,1.5,105.0,Will Smith
34048-25683-2024-10-05-17,Los Angeles Dodgers vs San Diego Padres,Will Smith Under 1.5,Player Hits + Runs + RBIs,DraftKings,1.5,-145.0,Will Smith
34048-25683-2024-10-05-17,Los Angeles Dodgers vs San Diego Padres,Xander Bogaerts Over 1.5,Player Hits + Runs + RBIs,DraftKings,1.5,105.0,Xander Bogaerts
34048-25683-2024-10-05-17,Los Angeles Dodgers vs San Diego Padres,Xander Bogaerts Under 1.5,Player Hits + Runs + RBIs,DraftKings,1.5,-145.0,Xander Bogaerts
34048-25683-2024-10-05-17,Los Angeles Dodgers vs San Diego Padres,Dylan Cease Over 2.5,Player Strikeouts,DraftKings,2.5,-800.0,Dylan Cease
34048-25683-2024-10-05-17,Los Angeles Dodgers vs San Diego Padres,Dylan Cease Over 3.5,Player Strikeouts,DraftKings,3.5,-285.0,Dylan Cease
34048-25683-2024-10-05-17,Los Angeles Dodgers vs San Diego Padres,Dylan Cease Over 5.5,Player Strikeouts,DraftKings,5.5,165.0,Dylan Cease
34048-25683-2024-10-05-17,Los Angeles Dodgers vs San Diego Padres,Dylan Cease Over 6.5,Player Strikeouts,DraftKings,6.5,330.0,Dylan Cease
34048-25683-2024-10-05-17,Los Angeles Dodgers vs San Diego Padres,Jack Flaherty Over 2.5,Player Strikeouts,DraftKings,2.5,-700.0,Jack Flaherty
34048-25683-2024-10-05-17,Los Angeles Dodgers vs San Diego Padres,Jack Flaherty Over 3.5,Player Strikeouts,DraftKings,3.5,-260.0,Jack Flaherty
34048-25683-2024-10-05-17,Los Angeles Dodgers vs San Diego Padres,Jack Flaherty Over 5.5,Player Strikeouts,DraftKings,5.5,185.0,Jack Flaherty
34048-25683-2024-10-05-17,Los Angeles Dodgers vs San Diego Padres,Jack Flaherty Over 6.5,Player Strikeouts,DraftKings,6.5,370.0,Jack Flaherty
34048-25683-2024-10-05-17,Los Angeles Dodgers vs San Diego Padres,Dylan Cease Over 4.5,Player Strikeouts,DraftKings,4.5,-125.0,Dylan Cease
34048-25683-2024-10-05-17,Los Angeles Dodgers vs San Diego Padres,Dylan Cease Under 4.5,Player Strikeouts,DraftKings,4.5,100.0,Dylan Cease
34048-25683-2024-10-05-17,Los Angeles Dodgers vs San Diego Padres,Jack Flaherty Over 4.5,Player Strikeouts,DraftKings,4.5,-115.0,Jack Flaherty
34048-25683-2024-10-05-17,Los Angeles Dodgers vs San Diego Padres,Jack Flaherty Under 4.5,Player Strikeouts,DraftKings,4.5,-115.0,Jack Flaherty
35183-54558-2024-10-05-15,New York Yankees vs Kansas City Royals,Aaron Judge Over 1.5,Player Hits,DraftKings,1.5,255.0,Aaron Judge
35183-54558-2024-10-05-15,New York Yankees vs Kansas City Royals,Aaron Judge Over 2.5,Player Hits,DraftKings,2.5,1100.0,Aaron Judge
35183-54558-2024-10-05-15,New York Yankees vs Kansas City Royals,Anthony Volpe Over 1.5,Player Hits,DraftKings,1.5,380.0,Anthony Volpe
35183-54558-2024-10-05-15,New York Yankees vs Kansas City Royals,Austin Wells Over 1.5,Player Hits,DraftKings,1.5,330.0,Austin Wells
35183-54558-2024-10-05-15,New York Yankees vs Kansas City Royals,Ben Rice Over 1.5,Player Hits,DraftKings,1.5,600.0,Ben Rice
35183-54558-2024-10-05-15,New York Yankees vs Kansas City Royals,Bobby Witt Jr. Over 0.5,Player Hits,DraftKings,0.5,-285.0,Bobby Witt Jr.
35183-54558-2024-10-05-15,New York Yankees vs Kansas City Royals,Bobby Witt Jr. Over 2.5,Player Hits,DraftKings,2.5,800.0,Bobby Witt Jr.
35183-54558-2024-10-05-15,New York Yankees vs Kansas City Royals,Giancarlo Stanton Over 1.5,Player Hits,DraftKings,1.5,330.0,Giancarlo Stanton
35183-54558-2024-10-05-15,New York Yankees vs Kansas City Royals,Gleyber Torres Over 1.5,Player Hits,DraftKings,1.5,205.0,Gleyber Torres
35183-54558-2024-10-05-15,New York Yankees vs Kansas City Royals,Gleyber Torres Over 2.5,Player Hits,DraftKings,2.5,850.0,Gleyber Torres
35183-54558-2024-10-05-15,New York Yankees vs Kansas City Royals,Jasson Dominguez Over 1.5,Player Hits,DraftKings,1.5,370.0,Jasson Dominguez
35183-54558-2024-10-05-15,New York Yankees vs Kansas City Royals,Jazz Chisholm Jr. Over 1.5,Player Hits,DraftKings,1.5,380.0,Jazz Chisholm Jr.
35183-54558-2024-10-05-15,New York Yankees vs Kansas City Royals,Juan Soto Over 1.5,Player Hits,DraftKings,1.5,280.0,Juan Soto
35183-54558-2024-10-05-15,New York Yankees vs Kansas City Royals,Kyle Isbel Over 1.5,Player Hits,DraftKings,1.5,500.0,Kyle Isbel
35183-54558-2024-10-05-15,New York Yankees vs Kansas City Royals,Maikel Garcia Over 1.5,Player Hits,DraftKings,1.5,425.0,Maikel Garcia
35183-54558-2024-10-05-15,New York Yankees vs Kansas City Royals,Michael Massey Over 1.5,Player Hits,DraftKings,1.5,320.0,Michael Massey
35183-54558-2024-10-05-15,New York Yankees vs Kansas City Royals,MJ Melendez Over 1.5,Player Hits,DraftKings,1.5,550.0,MJ Melendez
35183-54558-2024-10-05-15,New York Yankees vs Kansas City Royals,Salvador Perez Over 1.5,Player Hits,DraftKings,1.5,280.0,Salvador Perez
35183-54558-2024-10-05-15,New York Yankees vs Kansas City Royals,Salvador Perez Over 2.5,Player Hits,DraftKings,2.5,1100.0,Salvador Perez
35183-54558-2024-10-05-15,New York Yankees vs Kansas City Royals,Tommy Pham Over 1.5,Player Hits,DraftKings,1.5,350.0,Tommy Pham
35183-54558-2024-10-05-15,New York Yankees vs Kansas City Royals,Vinnie Pasquantino Over 1.5,Player Hits,DraftKings,1.5,320.0,Vinnie Pasquantino
35183-54558-2024-10-05-15,New York Yankees vs Kansas City Royals,Yuli Gurriel Over 1.5,Player Hits,DraftKings,1.5,310.0,Yuli Gurriel
35183-54558-2024-10-05-15,New York Yankees vs Kansas City Royals,Aaron Judge Over 0.5,Player Hits,DraftKings,0.5,-230.0,Aaron Judge
35183-54558-2024-10-05-15,New York Yankees vs Kansas City Royals,Aaron Judge Under 0.5,Player Hits,DraftKings,0.5,165.0,Aaron Judge
35183-54558-2024-10-05-15,New York Yankees vs Kansas City Royals,Anthony Volpe Over 0.5,Player Hits,DraftKings,0.5,-155.0,Anthony Volpe
35183-54558-2024-10-05-15,New York Yankees vs Kansas City Royals,Anthony Volpe Under 0.5,Player Hits,DraftKings,0.5,110.0,Anthony Volpe
35183-54558-2024-10-05-15,New York Yankees vs Kansas City Royals,Austin Wells Over 0.5,Player Hits,DraftKings,0.5,-170.0,Austin Wells
35183-54558-2024-10-05-15,New York Yankees vs Kansas City Royals,Austin Wells Under 0.5,Player Hits,DraftKings,0.5,120.0,Austin Wells
35183-54558-2024-10-05-15,New York Yankees vs Kansas City Royals,Ben Rice Over 0.5,Player Hits,DraftKings,0.5,-110.0,Ben Rice
35183-54558-2024-10-05-15,New York Yankees vs Kansas City Royals,Ben Rice Under 0.5,Player Hits,DraftKings,0.5,-130.0,Ben Rice
35183-54558-2024-10-05-15,New York Yankees vs Kansas City Royals,Bobby Witt Jr. Over 1.5,Player Hits,DraftKings,1.5,190.0,Bobby Witt Jr.
35183-54558-2024-10-05-15,New York Yankees vs Kansas City Royals,Bobby Witt Jr. Under 1.5,Player Hits,DraftKings,1.5,-275.0,Bobby Witt Jr.
35183-54558-2024-10-05-15,New York Yankees vs Kansas City Royals,Giancarlo Stanton Over 0.5,Player Hits,DraftKings,0.5,-180.0,Giancarlo Stanton
35183-54558-2024-10-05-15,New York Yankees vs Kansas City Royals,Giancarlo Stanton Under 0.5,Player Hits,DraftKings,0.5,125.0,Giancarlo Stanton
35183-54558-2024-10-05-15,New York Yankees vs Kansas City Royals,Gleyber Torres Over 0.5,Player Hits,DraftKings,0.5,-260.0,Gleyber Torres
35183-54558-2024-10-05-15,New York Yankees vs Kansas City Royals,Gleyber Torres Under 0.5,Player Hits,DraftKings,0.5,180.0,Gleyber Torres
35183-54558-2024-10-05-15,New York Yankees vs Kansas City Royals,Jasson Dominguez Over 0.5,Player Hits,DraftKings,0.5,-155.0,Jasson Dominguez
35183-54558-2024-10-05-15,New York Yankees vs Kansas City Royals,Jasson Dominguez Under 0.5,Player Hits,DraftKings,0.5,110.0,Jasson Dominguez
35183-54558-2024-10-05-15,New York Yankees vs Kansas City Royals,Jazz Chisholm Jr. Over 0.5,Player Hits,DraftKings,0.5,-145.0,Jazz Chisholm Jr.
35183-54558-2024-10-05-15,New York Yankees vs Kansas City Royals,Jazz Chisholm Jr. Under 0.5,Player Hits,DraftKings,0.5,105.0,Jazz Chisholm Jr.
35183-54558-2024-10-05-15,New York Yankees vs Kansas City Royals,Juan Soto Over 0.5,Player Hits,DraftKings,0.5,-205.0,Juan Soto
35183-54558-2024-10-05-15,New York Yankees vs Kansas City Royals,Juan Soto Under 0.5,Player Hits,DraftKings,0.5,145.0,Juan Soto
35183-54558-2024-10-05-15,New York Yankees vs Kansas City Royals,Kyle Isbel Over 0.5,Player Hits,DraftKings,0.5,-120.0,Kyle Isbel
35183-54558-2024-10-05-15,New York Yankees vs Kansas City Royals,Kyle Isbel Under 0.5,Player Hits,DraftKings,0.5,-120.0,Kyle Isbel
35183-54558-2024-10-05-15,New York Yankees vs Kansas City Royals,Maikel Garcia Over 0.5,Player Hits,DraftKings,0.5,-140.0,Maikel Garcia
35183-54558-2024-10-05-15,New York Yankees vs Kansas City Royals,Maikel Garcia Under 0.5,Player Hits,DraftKings,0.5,100.0,Maikel Garcia
35183-54558-2024-10-05-15,New York Yankees vs Kansas City Royals,Michael Massey Over 0.5,Player Hits,DraftKings,0.5,-190.0,Michael Massey
35183-54558-2024-10-05-15,New York Yankees vs Kansas City Royals,Michael Massey Under 0.5,Player Hits,DraftKings,0.5,135.0,Michael Massey
35183-54558-2024-10-05-15,New York Yankees vs Kansas City Royals,MJ Melendez Over 0.5,Player Hits,DraftKings,0.5,-125.0,MJ Melendez
35183-54558-2024-10-05-15,New York Yankees vs Kansas City Royals,MJ Melendez Under 0.5,Player Hits,DraftKings,0.5,-115.0,MJ Melendez
35183-54558-2024-10-05-15,New York Yankees vs Kansas City Royals,Salvador Perez Over 0.5,Player Hits,DraftKings,0.5,-205.0,Salvador Perez
35183-54558-2024-10-05-15,New York Yankees vs Kansas City Royals,Salvador Perez Under 0.5,Player Hits,DraftKings,0.5,145.0,Salvador Perez
35183-54558-2024-10-05-15,New York Yankees vs Kansas City Royals,Tommy Pham Over 0.5,Player Hits,DraftKings,0.5,-165.0,Tommy Pham
35183-54558-2024-10-05-15,New York Yankees vs Kansas City Royals,Tommy Pham Under 0.5,Player Hits,DraftKings,0.5,120.0,Tommy Pham
35183-54558-2024-10-05-15,New York Yankees vs Kansas City Royals,Vinnie Pasquantino Over 0.5,Player Hits,DraftKings,0.5,-190.0,Vinnie Pasquantino
35183-54558-2024-10-05-15,New York Yankees vs Kansas City Royals,Vinnie Pasquantino Under 0.5,Player Hits,DraftKings,0.5,135.0,Vinnie Pasquantino
35183-54558-2024-10-05-15,New York Yankees vs Kansas City Royals,Yuli Gurriel Over 0.5,Player Hits,DraftKings,0.5,-185.0,Yuli Gurriel
35183-54558-2024-10-05-15,New York Yankees vs Kansas City Royals,Yuli Gurriel Under 0.5,Player Hits,DraftKings,0.5,135.0,Yuli Gurriel
35183-54558-2024-10-05-15,New York Yankees vs Kansas City Royals,Aaron Judge Over 0.5,Player Singles,DraftKings,0.5,130.0,Aaron Judge
35183-54558-2024-10-05-15,New York Yankees vs Kansas City Royals,Aaron Judge Under 0.5,Player Singles,DraftKings,0.5,-175.0,Aaron Judge
35183-54558-2024-10-05-15,New York Yankees vs Kansas City Royals,Anthony Volpe Over 0.5,Player Singles,DraftKings,0.5,100.0,Anthony Volpe
35183-54558-2024-10-05-15,New York Yankees vs Kansas City Royals,Anthony Volpe Under 0.5,Player Singles,DraftKings,0.5,-140.0,Anthony Volpe
35183-54558-2024-10-05-15,New York Yankees vs Kansas City Royals,Austin Wells Over 0.5,Player Singles,DraftKings,0.5,125.0,Austin Wells
35183-54558-2024-10-05-15,New York Yankees vs Kansas City Royals,Austin Wells Under 0.5,Player Singles,DraftKings,0.5,-170.0,Austin Wells
35183-54558-2024-10-05-15,New York Yankees vs Kansas City Royals,Ben Rice Over 0.5,Player Singles,DraftKings,0.5,185.0,Ben Rice
35183-54558-2024-10-05-15,New York Yankees vs Kansas City Royals,Ben Rice Under 0.5,Player Singles,DraftKings,0.5,-265.0,Ben Rice
35183-54558-2024-10-05-15,New York Yankees vs Kansas City Royals,Bobby Witt Jr. Over 0.5,Player Singles,DraftKings,0.5,-135.0,Bobby Witt Jr.
35183-54558-2024-10-05-15,New York Yankees vs Kansas City Royals,Bobby Witt Jr. Under 0.5,Player Singles,DraftKings,0.5,100.0,Bobby Witt Jr.
35183-54558-2024-10-05-15,New York Yankees vs Kansas City Royals,Giancarlo Stanton Over 0.5,Player Singles,DraftKings,0.5,140.0,Giancarlo Stanton
35183-54558-2024-10-05-15,New York Yankees vs Kansas City Royals,Giancarlo Stanton Under 0.5,Player Singles,DraftKings,0.5,-190.0,Giancarlo Stanton
35183-54558-2024-10-05-15,New York Yankees vs Kansas City Royals,Gleyber Torres Over 0.5,Player Singles,DraftKings,0.5,-155.0,Gleyber Torres
35183-54558-2024-10-05-15,New York Yankees vs Kansas City Royals,Gleyber Torres Under 0.5,Player Singles,DraftKings,0.5,115.0,Gleyber Torres
35183-54558-2024-10-05-15,New York Yankees vs Kansas City Royals,Jasson Dominguez Over 0.5,Player Singles,DraftKings,0.5,130.0,Jasson Dominguez
35183-54558-2024-10-05-15,New York Yankees vs Kansas City Royals,Jasson Dominguez Under 0.5,Player Singles,DraftKings,0.5,-175.0,Jasson Dominguez
35183-54558-2024-10-05-15,New York Yankees vs Kansas City Royals,Jazz Chisholm Jr. Over 0.5,Player Singles,DraftKings,0.5,135.0,Jazz Chisholm Jr.
35183-54558-2024-10-05-15,New York Yankees vs Kansas City Royals,Jazz Chisholm Jr. Under 0.5,Player Singles,DraftKings,0.5,-185.0,Jazz Chisholm Jr.
35183-54558-2024-10-05-15,New York Yankees vs Kansas City Royals,Juan Soto Over 0.5,Player Singles,DraftKings,0.5,125.0,Juan Soto
35183-54558-2024-10-05-15,New York Yankees vs Kansas City Royals,Juan Soto Under 0.5,Player Singles,DraftKings,0.5,-170.0,Juan Soto
35183-54558-2024-10-05-15,New York Yankees vs Kansas City Royals,Kyle Isbel Over 0.5,Player Singles,DraftKings,0.5,140.0,Kyle Isbel
35183-54558-2024-10-05-15,New York Yankees vs Kansas City Royals,Kyle Isbel Under 0.5,Player Singles,DraftKings,0.5,-190.0,Kyle Isbel
35183-54558-2024-10-05-15,New York Yankees vs Kansas City Royals,Maikel Garcia Over 0.5,Player Singles,DraftKings,0.5,110.0,Maikel Garcia
35183-54558-2024-10-05-15,New York Yankees vs Kansas City Royals,Maikel Garcia Under 0.5,Player Singles,DraftKings,0.5,-145.0,Maikel Garcia
35183-54558-2024-10-05-15,New York Yankees vs Kansas City Royals,Michael Massey Over 0.5,Player Singles,DraftKings,0.5,115.0,Michael Massey
35183-54558-2024-10-05-15,New York Yankees vs Kansas City Royals,Michael Massey Under 0.5,Player Singles,DraftKings,0.5,-160.0,Michael Massey
35183-54558-2024-10-05-15,New York Yankees vs Kansas City Royals,MJ Melendez Over 0.5,Player Singles,DraftKings,0.5,180.0,MJ Melendez
35183-54558-2024-10-05-15,New York Yankees vs Kansas City Royals,MJ Melendez Under 0.5,Player Singles,DraftKings,0.5,-255.0,MJ Melendez
35183-54558-2024-10-05-15,New York Yankees vs Kansas City Royals,Salvador Perez Over 0.5,Player Singles,DraftKings,0.5,100.0,Salvador Perez
35183-54558-2024-10-05-15,New York Yankees vs Kansas City Royals,Salvador Perez Under 0.5,Player Singles,DraftKings,0.5,-140.0,Salvador Perez
35183-54558-2024-10-05-15,New York Yankees vs Kansas City Royals,Tommy Pham Over 0.5,Player Singles,DraftKings,0.5,100.0,Tommy Pham
35183-54558-2024-10-05-15,New York Yankees vs Kansas City Royals,Tommy Pham Under 0.5,Player Singles,DraftKings,0.5,-135.0,Tommy Pham
35183-54558-2024-10-05-15,New York Yankees vs Kansas City Royals,Vinnie Pasquantino Over 0.5,Player Singles,DraftKings,0.5,110.0,Vinnie Pasquantino
35183-54558-2024-10-05-15,New York Yankees vs Kansas City Royals,Vinnie Pasquantino Under 0.5,Player Singles,DraftKings,0.5,-150.0,Vinnie Pasquantino
35183-54558-2024-10-05-15,New York Yankees vs Kansas City Royals,Yuli Gurriel Over 0.5,Player Singles,DraftKings,0.5,-115.0,Yuli Gurriel
35183-54558-2024-10-05-15,New York Yankees vs Kansas City Royals,Yuli Gurriel Under 0.5,Player Singles,DraftKings,0.5,-120.0,Yuli Gurriel
35183-54558-2024-10-05-15,New York Yankees vs Kansas City Royals,Gerrit Cole Over 2.5,Player Hits Allowed,DraftKings,2.5,-750.0,Gerrit Cole
35183-54558-2024-10-05-15,New York Yankees vs Kansas City Royals,Gerrit Cole Over 3.5,Player Hits Allowed,DraftKings,3.5,-290.0,Gerrit Cole
35183-54558-2024-10-05-15,New York Yankees vs Kansas City Royals,Gerrit Cole Over 5.5,Player Hits Allowed,DraftKings,5.5,140.0,Gerrit Cole
35183-54558-2024-10-05-15,New York Yankees vs Kansas City Royals,Gerrit Cole Over 6.5,Player Hits Allowed,DraftKings,6.5,260.0,Gerrit Cole
35183-54558-2024-10-05-15,New York Yankees vs Kansas City Royals,Michael Wacha Over 2.5,Player Hits Allowed,DraftKings,2.5,-575.0,Michael Wacha
35183-54558-2024-10-05-15,New York Yankees vs Kansas City Royals,Michael Wacha Over 3.5,Player Hits Allowed,DraftKings,3.5,-225.0,Michael Wacha
35183-54558-2024-10-05-15,New York Yankees vs Kansas City Royals,Michael Wacha Over 5.5,Player Hits Allowed,DraftKings,5.5,185.0,Michael Wacha
35183-54558-2024-10-05-15,New York Yankees vs Kansas City Royals,Michael Wacha Over 6.5,Player Hits Allowed,DraftKings,6.5,360.0,Michael Wacha
35183-54558-2024-10-05-15,New York Yankees vs Kansas City Royals,Gerrit Cole Over 4.5,Player Hits Allowed,DraftKings,4.5,-140.0,Gerrit Cole
35183-54558-2024-10-05-15,New York Yankees vs Kansas City Royals,Gerrit Cole Under 4.5,Player Hits Allowed,DraftKings,4.5,100.0,Gerrit Cole
35183-54558-2024-10-05-15,New York Yankees vs Kansas City Royals,Michael Wacha Over 4.5,Player Hits Allowed,DraftKings,4.5,-105.0,Michael Wacha
35183-54558-2024-10-05-15,New York Yankees vs Kansas City Royals,Michael Wacha Under 4.5,Player Hits Allowed,DraftKings,4.5,-135.0,Michael Wacha
35183-54558-2024-10-05-15,New York Yankees vs Kansas City Royals,Aaron Judge Over 1.5,Player Hits + Runs + RBIs,DraftKings,1.5,-145.0,Aaron Judge
35183-54558-2024-10-05-15,New York Yankees vs Kansas City Royals,Aaron Judge Under 1.5,Player Hits + Runs + RBIs,DraftKings,1.5,110.0,Aaron Judge
35183-54558-2024-10-05-15,New York Yankees vs Kansas City Royals,Anthony Volpe Over 1.5,Player Hits + Runs + RBIs,DraftKings,1.5,130.0,Anthony Volpe
35183-54558-2024-10-05-15,New York Yankees vs Kansas City Royals,Anthony Volpe Under 1.5,Player Hits + Runs + RBIs,DraftKings,1.5,-180.0,Anthony Volpe
35183-54558-2024-10-05-15,New York Yankees vs Kansas City Royals,Austin Wells Over 1.5,Player Hits + Runs + RBIs,DraftKings,1.5,100.0,Austin Wells
35183-54558-2024-10-05-15,New York Yankees vs Kansas City Royals,Austin Wells Under 1.5,Player Hits + Runs + RBIs,DraftKings,1.5,-135.0,Austin Wells
35183-54558-2024-10-05-15,New York Yankees vs Kansas City Royals,Ben Rice Over 0.5,Player Hits + Runs + RBIs,DraftKings,0.5,-140.0,Ben Rice
35183-54558-2024-10-05-15,New York Yankees vs Kansas City Royals,Ben Rice Under 0.5,Player Hits + Runs + RBIs,DraftKings,0.5,105.0,Ben Rice
35183-54558-2024-10-05-15,New York Yankees vs Kansas City Royals,Bobby Witt Jr. Over 1.5,Player Hits + Runs + RBIs,DraftKings,1.5,-130.0,Bobby Witt Jr.
35183-54558-2024-10-05-15,New York Yankees vs Kansas City Royals,Bobby Witt Jr. Under 1.5,Player Hits + Runs + RBIs,DraftKings,1.5,-105.0,Bobby Witt Jr.
35183-54558-2024-10-05-15,New York Yankees vs Kansas City Royals,Giancarlo Stanton Over 1.5,Player Hits + Runs + RBIs,DraftKings,1.5,-105.0,Giancarlo Stanton
35183-54558-2024-10-05-15,New York Yankees vs Kansas City Royals,Giancarlo Stanton Under 1.5,Player Hits + Runs + RBIs,DraftKings,1.5,-130.0,Giancarlo Stanton
35183-54558-2024-10-05-15,New York Yankees vs Kansas City Royals,Gleyber Torres Over 1.5,Player Hits + Runs + RBIs,DraftKings,1.5,-140.0,Gleyber Torres
35183-54558-2024-10-05-15,New York Yankees vs Kansas City Royals,Gleyber Torres Under 1.5,Player Hits + Runs + RBIs,DraftKings,1.5,100.0,Gleyber Torres
35183-54558-2024-10-05-15,New York Yankees vs Kansas City Royals,Jasson Dominguez Over 1.5,Player Hits + Runs + RBIs,DraftKings,1.5,125.0,Jasson Dominguez
35183-54558-2024-10-05-15,New York Yankees vs Kansas City Royals,Jasson Dominguez Under 1.5,Player Hits + Runs + RBIs,DraftKings,1.5,-170.0,Jasson Dominguez
35183-54558-2024-10-05-15,New York Yankees vs Kansas City Royals,Jazz Chisholm Jr. Over 1.5,Player Hits + Runs + RBIs,DraftKings,1.5,125.0,Jazz Chisholm Jr.
35183-54558-2024-10-05-15,New York Yankees vs Kansas City Royals,Jazz Chisholm Jr. Under 1.5,Player Hits + Runs + RBIs,DraftKings,1.5,-170.0,Jazz Chisholm Jr.
35183-54558-2024-10-05-15,New York Yankees vs Kansas City Royals,Juan Soto Over 1.5,Player Hits + Runs + RBIs,DraftKings,1.5,-135.0,Juan Soto
35183-54558-2024-10-05-15,New York Yankees vs Kansas City Royals,Juan Soto Under 1.5,Player Hits + Runs + RBIs,DraftKings,1.5,100.0,Juan Soto
35183-54558-2024-10-05-15,New York Yankees vs Kansas City Royals,Kyle Isbel Over 0.5,Player Hits + Runs + RBIs,DraftKings,0.5,-155.0,Kyle Isbel
35183-54558-2024-10-05-15,New York Yankees vs Kansas City Royals,Kyle Isbel Under 0.5,Player Hits + Runs + RBIs,DraftKings,0.5,115.0,Kyle Isbel
35183-54558-2024-10-05-15,New York Yankees vs Kansas City Royals,Maikel Garcia Over 0.5,Player Hits + Runs + RBIs,DraftKings,0.5,-175.0,Maikel Garcia
35183-54558-2024-10-05-15,New York Yankees vs Kansas City Royals,Maikel Garcia Under 0.5,Player Hits + Runs + RBIs,DraftKings,0.5,125.0,Maikel Garcia
35183-54558-2024-10-05-15,New York Yankees vs Kansas City Royals,Michael Massey Over 1.5,Player Hits + Runs + RBIs,DraftKings,1.5,100.0,Michael Massey
35183-54558-2024-10-05-15,New York Yankees vs Kansas City Royals,Michael Massey Under 1.5,Player Hits + Runs + RBIs,DraftKings,1.5,-135.0,Michael Massey
35183-54558-2024-10-05-15,New York Yankees vs Kansas City Royals,MJ Melendez Over 0.5,Player Hits + Runs + RBIs,DraftKings,0.5,-155.0,MJ Melendez
35183-54558-2024-10-05-15,New York Yankees vs Kansas City Royals,MJ Melendez Under 0.5,Player Hits + Runs + RBIs,DraftKings,0.5,115.0,MJ Melendez
35183-54558-2024-10-05-15,New York Yankees vs Kansas City Royals,Salvador Perez Over 1.5,Player Hits + Runs + RBIs,DraftKings,1.5,100.0,Salvador Perez
35183-54558-2024-10-05-15,New York Yankees vs Kansas City Royals,Salvador Perez Under 1.5,Player Hits + Runs + RBIs,DraftKings,1.5,-135.0,Salvador Perez
35183-54558-2024-10-05-15,New York Yankees vs Kansas City Royals,Tommy Pham Over 1.5,Player Hits + Runs + RBIs,DraftKings,1.5,135.0,Tommy Pham
35183-54558-2024-10-05-15,New York Yankees vs Kansas City Royals,Tommy Pham Under 1.5,Player Hits + Runs + RBIs,DraftKings,1.5,-180.0,Tommy Pham
35183-54558-2024-10-05-15,New York Yankees vs Kansas City Royals,Vinnie Pasquantino Over 1.5,Player Hits + Runs + RBIs,DraftKings,1.5,110.0,Vinnie Pasquantino
35183-54558-2024-10-05-15,New York Yankees vs Kansas City Royals,Vinnie Pasquantino Under 1.5,Player Hits + Runs + RBIs,DraftKings,1.5,-150.0,Vinnie Pasquantino
35183-54558-2024-10-05-15,New York Yankees vs Kansas City Royals,Yuli Gurriel Over 1.5,Player Hits + Runs + RBIs,DraftKings,1.5,125.0,Yuli Gurriel
35183-54558-2024-10-05-15,New York Yankees vs Kansas City Royals,Yuli Gurriel Under 1.5,Player Hits + Runs + RBIs,DraftKings,1.5,-170.0,Yuli Gurriel
35183-54558-2024-10-05-15,New York Yankees vs Kansas City Royals,Gerrit Cole Over 3.5,Player Strikeouts,DraftKings,3.5,-575.0,Gerrit Cole
35183-54558-2024-10-05-15,New York Yankees vs Kansas City Royals,Gerrit Cole Over 4.5,Player Strikeouts,DraftKings,4.5,-240.0,Gerrit Cole
35183-54558-2024-10-05-15,New York Yankees vs Kansas City Royals,Gerrit Cole Over 6.5,Player Strikeouts,DraftKings,6.5,175.0,Gerrit Cole
35183-54558-2024-10-05-15,New York Yankees vs Kansas City Royals,Gerrit Cole Over 7.5,Player Strikeouts,DraftKings,7.5,330.0,Gerrit Cole
35183-54558-2024-10-05-15,New York Yankees vs Kansas City Royals,Michael Wacha Over 2.5,Player Strikeouts,DraftKings,2.5,-900.0,Michael Wacha
35183-54558-2024-10-05-15,New York Yankees vs Kansas City Royals,Michael Wacha Over 3.5,Player Strikeouts,DraftKings,3.5,-320.0,Michael Wacha
35183-54558-2024-10-05-15,New York Yankees vs Kansas City Royals,Michael Wacha Over 5.5,Player Strikeouts,DraftKings,5.5,150.0,Michael Wacha
35183-54558-2024-10-05-15,New York Yankees vs Kansas City Royals,Michael Wacha Over 6.5,Player Strikeouts,DraftKings,6.5,300.0,Michael Wacha
35183-54558-2024-10-05-15,New York Yankees vs Kansas City Royals,Gerrit Cole Over 5.5,Player Strikeouts,DraftKings,5.5,-115.0,Gerrit Cole
35183-54558-2024-10-05-15,New York Yankees vs Kansas City Royals,Gerrit Cole Under 5.5,Player Strikeouts,DraftKings,5.5,-115.0,Gerrit Cole
35183-54558-2024-10-05-15,New York Yankees vs Kansas City Royals,Michael Wacha Over 4.5,Player Strikeouts,DraftKings,4.5,-140.0,Michael Wacha
35183-54558-2024-10-05-15,New York Yankees vs Kansas City Royals,Michael Wacha Under 4.5,Player Strikeouts,DraftKings,4.5,105.0,Michael Wacha
81005-40644-2024-10-05-10,Cleveland Guardians vs Detroit Tigers,Colt Keith Over 0.5,Player Hits,DraftKings,0.5,-195.0,Colt Keith
81005-40644-2024-10-05-10,Cleveland Guardians vs Detroit Tigers,Colt Keith Under 0.5,Player Hits,DraftKings,0.5,140.0,Colt Keith
81005-40644-2024-10-05-10,Cleveland Guardians vs Detroit Tigers,Jake Rogers Over 0.5,Player Hits,DraftKings,0.5,105.0,Jake Rogers
81005-40644-2024-10-05-10,Cleveland Guardians vs Detroit Tigers,Jake Rogers Under 0.5,Player Hits,DraftKings,0.5,-150.0,Jake Rogers
81005-40644-2024-10-05-10,Cleveland Guardians vs Detroit Tigers,Kerry Carpenter Over 0.5,Player Hits,DraftKings,0.5,-170.0,Kerry Carpenter
81005-40644-2024-10-05-10,Cleveland Guardians vs Detroit Tigers,Kerry Carpenter Under 0.5,Player Hits,DraftKings,0.5,120.0,Kerry Carpenter
81005-40644-2024-10-05-10,Cleveland Guardians vs Detroit Tigers,Matt Vierling Over 0.5,Player Hits,DraftKings,0.5,-180.0,Matt Vierling
81005-40644-2024-10-05-10,Cleveland Guardians vs Detroit Tigers,Matt Vierling Under 0.5,Player Hits,DraftKings,0.5,125.0,Matt Vierling
81005-40644-2024-10-05-10,Cleveland Guardians vs Detroit Tigers,Parker Meadows Over 0.5,Player Hits,DraftKings,0.5,-160.0,Parker Meadows
81005-40644-2024-10-05-10,Cleveland Guardians vs Detroit Tigers,Parker Meadows Under 0.5,Player Hits,DraftKings,0.5,115.0,Parker Meadows
81005-40644-2024-10-05-10,Cleveland Guardians vs Detroit Tigers,Riley Greene Over 0.5,Player Hits,DraftKings,0.5,-180.0,Riley Greene
81005-40644-2024-10-05-10,Cleveland Guardians vs Detroit Tigers,Riley Greene Under 0.5,Player Hits,DraftKings,0.5,125.0,Riley Greene
81005-40644-2024-10-05-10,Cleveland Guardians vs Detroit Tigers,Spencer Torkelson Over 0.5,Player Hits,DraftKings,0.5,-125.0,Spencer Torkelson
81005-40644-2024-10-05-10,Cleveland Guardians vs Detroit Tigers,Spencer Torkelson Under 0.5,Player Hits,DraftKings,0.5,-110.0,Spencer Torkelson
81005-40644-2024-10-05-10,Cleveland Guardians vs Detroit Tigers,Trey Sweeney Over 0.5,Player Hits,DraftKings,0.5,-120.0,Trey Sweeney
81005-40644-2024-10-05-10,Cleveland Guardians vs Detroit Tigers,Trey Sweeney Under 0.5,Player Hits,DraftKings,0.5,-115.0,Trey Sweeney
81005-40644-2024-10-05-10,Cleveland Guardians vs Detroit Tigers,Zach McKinstry Over 0.5,Player Hits,DraftKings,0.5,-140.0,Zach McKinstry
81005-40644-2024-10-05-10,Cleveland Guardians vs Detroit Tigers,Zach McKinstry Under 0.5,Player Hits,DraftKings,0.5,100.0,Zach McKinstry
81005-40644-2024-10-05-10,Cleveland Guardians vs Detroit Tigers,Colt Keith Over 0.5,Player Singles,DraftKings,0.5,105.0,Colt Keith
81005-40644-2024-10-05-10,Cleveland Guardians vs Detroit Tigers,Colt Keith Under 0.5,Player Singles,DraftKings,0.5,-145.0,Colt Keith
81005-40644-2024-10-05-10,Cleveland Guardians vs Detroit Tigers,Jake Rogers Over 0.5,Player Singles,DraftKings,0.5,210.0,Jake Rogers
81005-40644-2024-10-05-10,Cleveland Guardians vs Detroit Tigers,Jake Rogers Under 0.5,Player Singles,DraftKings,0.5,-300.0,Jake Rogers
81005-40644-2024-10-05-10,Cleveland Guardians vs Detroit Tigers,Kerry Carpenter Over 0.5,Player Singles,DraftKings,0.5,130.0,Kerry Carpenter
81005-40644-2024-10-05-10,Cleveland Guardians vs Detroit Tigers,Kerry Carpenter Under 0.5,Player Singles,DraftKings,0.5,-180.0,Kerry Carpenter
81005-40644-2024-10-05-10,Cleveland Guardians vs Detroit Tigers,Matt Vierling Over 0.5,Player Singles,DraftKings,0.5,110.0,Matt Vierling
81005-40644-2024-10-05-10,Cleveland Guardians vs Detroit Tigers,Matt Vierling Under 0.5,Player Singles,DraftKings,0.5,-145.0,Matt Vierling
81005-40644-2024-10-05-10,Cleveland Guardians vs Detroit Tigers,Parker Meadows Over 0.5,Player Singles,DraftKings,0.5,130.0,Parker Meadows
81005-40644-2024-10-05-10,Cleveland Guardians vs Detroit Tigers,Parker Meadows Under 0.5,Player Singles,DraftKings,0.5,-175.0,Parker Meadows
81005-40644-2024-10-05-10,Cleveland Guardians vs Detroit Tigers,Riley Greene Over 0.5,Player Singles,DraftKings,0.5,115.0,Riley Greene
81005-40644-2024-10-05-10,Cleveland Guardians vs Detroit Tigers,Riley Greene Under 0.5,Player Singles,DraftKings,0.5,-160.0,Riley Greene
81005-40644-2024-10-05-10,Cleveland Guardians vs Detroit Tigers,Spencer Torkelson Over 0.5,Player Singles,DraftKings,0.5,175.0,Spencer Torkelson
81005-40644-2024-10-05-10,Cleveland Guardians vs Detroit Tigers,Spencer Torkelson Under 0.5,Player Singles,DraftKings,0.5,-245.0,Spencer Torkelson
81005-40644-2024-10-05-10,Cleveland Guardians vs Detroit Tigers,Trey Sweeney Over 0.5,Player Singles,DraftKings,0.5,175.0,Trey Sweeney
81005-40644-2024-10-05-10,Cleveland Guardians vs Detroit Tigers,Trey Sweeney Under 0.5,Player Singles,DraftKings,0.5,-240.0,Trey Sweeney
81005-40644-2024-10-05-10,Cleveland Guardians vs Detroit Tigers,Zach McKinstry Over 0.5,Player Singles,DraftKings,0.5,145.0,Zach McKinstry
81005-40644-2024-10-05-10,Cleveland Guardians vs Detroit Tigers,Zach McKinstry Under 0.5,Player Singles,DraftKings,0.5,-200.0,Zach McKinstry
81005-40644-2024-10-05-10,Cleveland Guardians vs Detroit Tigers,Tanner Bibee Over 2.5,Player Hits Allowed,DraftKings,2.5,-360.0,Tanner Bibee
81005-40644-2024-10-05-10,Cleveland Guardians vs Detroit Tigers,Tanner Bibee Over 4.5,Player Hits Allowed,DraftKings,4.5,135.0,Tanner Bibee
81005-40644-2024-10-05-10,Cleveland Guardians vs Detroit Tigers,Tanner Bibee Over 5.5,Player Hits Allowed,DraftKings,5.5,285.0,Tanner Bibee
81005-40644-2024-10-05-10,Cleveland Guardians vs Detroit Tigers,Tanner Bibee Over 6.5,Player Hits Allowed,DraftKings,6.5,500.0,Tanner Bibee
81005-40644-2024-10-05-10,Cleveland Guardians vs Detroit Tigers,Tanner Bibee Over 3.5,Player Hits Allowed,DraftKings,3.5,-150.0,Tanner Bibee
81005-40644-2024-10-05-10,Cleveland Guardians vs Detroit Tigers,Tanner Bibee Under 3.5,Player Hits Allowed,DraftKings,3.5,105.0,Tanner Bibee
81005-40644-2024-10-05-10,Cleveland Guardians vs Detroit Tigers,Colt Keith Over 1.5,Player Hits + Runs + RBIs,DraftKings,1.5,110.0,Colt Keith
81005-40644-2024-10-05-10,Cleveland Guardians vs Detroit Tigers,Colt Keith Under 1.5,Player Hits + Runs + RBIs,DraftKings,1.5,-150.0,Colt Keith
81005-40644-2024-10-05-10,Cleveland Guardians vs Detroit Tigers,Jake Rogers Over 0.5,Player Hits + Runs + RBIs,DraftKings,0.5,-110.0,Jake Rogers
81005-40644-2024-10-05-10,Cleveland Guardians vs Detroit Tigers,Jake Rogers Under 0.5,Player Hits + Runs + RBIs,DraftKings,0.5,-120.0,Jake Rogers
81005-40644-2024-10-05-10,Cleveland Guardians vs Detroit Tigers,Kerry Carpenter Over 1.5,Player Hits + Runs + RBIs,DraftKings,1.5,120.0,Kerry Carpenter
81005-40644-2024-10-05-10,Cleveland Guardians vs Detroit Tigers,Kerry Carpenter Under 1.5,Player Hits + Runs + RBIs,DraftKings,1.5,-160.0,Kerry Carpenter
81005-40644-2024-10-05-10,Cleveland Guardians vs Detroit Tigers,Matt Vierling Over 1.5,Player Hits + Runs + RBIs,DraftKings,1.5,120.0,Matt Vierling
81005-40644-2024-10-05-10,Cleveland Guardians vs Detroit Tigers,Matt Vierling Under 1.5,Player Hits + Runs + RBIs,DraftKings,1.5,-165.0,Matt Vierling
81005-40644-2024-10-05-10,Cleveland Guardians vs Detroit Tigers,Parker Meadows Over 1.5,Player Hits + Runs + RBIs,DraftKings,1.5,125.0,Parker Meadows
81005-40644-2024-10-05-10,Cleveland Guardians vs Detroit Tigers,Parker Meadows Under 1.5,Player Hits + Runs + RBIs,DraftKings,1.5,-175.0,Parker Meadows
81005-40644-2024-10-05-10,Cleveland Guardians vs Detroit Tigers,Riley Greene Over 1.5,Player Hits + Runs + RBIs,DraftKings,1.5,115.0,Riley Greene
81005-40644-2024-10-05-10,Cleveland Guardians vs Detroit Tigers,Riley Greene Under 1.5,Player Hits + Runs + RBIs,DraftKings,1.5,-155.0,Riley Greene
81005-40644-2024-10-05-10,Cleveland Guardians vs Detroit Tigers,Spencer Torkelson Over 0.5,Player Hits + Runs + RBIs,DraftKings,0.5,-155.0,Spencer Torkelson
81005-40644-2024-10-05-10,Cleveland Guardians vs Detroit Tigers,Spencer Torkelson Under 0.5,Player Hits + Runs + RBIs,DraftKings,0.5,115.0,Spencer Torkelson
81005-40644-2024-10-05-10,Cleveland Guardians vs Detroit Tigers,Trey Sweeney Over 0.5,Player Hits + Runs + RBIs,DraftKings,0.5,-145.0,Trey Sweeney
81005-40644-2024-10-05-10,Cleveland Guardians vs Detroit Tigers,Trey Sweeney Under 0.5,Player Hits + Runs + RBIs,DraftKings,0.5,105.0,Trey Sweeney
81005-40644-2024-10-05-10,Cleveland Guardians vs Detroit Tigers,Zach McKinstry Over 0.5,Player Hits + Runs + RBIs,DraftKings,0.5,-165.0,Zach McKinstry
81005-40644-2024-10-05-10,Cleveland Guardians vs Detroit Tigers,Zach McKinstry Under 0.5,Player Hits + Runs + RBIs,DraftKings,0.5,120.0,Zach McKinstry
81005-40644-2024-10-05-10,Cleveland Guardians vs Detroit Tigers,Tanner Bibee Over 3.5,Player Strikeouts,DraftKings,3.5,-800.0,Tanner Bibee
81005-40644-2024-10-05-10,Cleveland Guardians vs Detroit Tigers,Tanner Bibee Over 4.5,Player Strikeouts,DraftKings,4.5,-320.0,Tanner Bibee
81005-40644-2024-10-05-10,Cleveland Guardians vs Detroit Tigers,Tanner Bibee Over 6.5,Player Strikeouts,DraftKings,6.5,135.0,Tanner Bibee
81005-40644-2024-10-05-10,Cleveland Guardians vs Detroit Tigers,Tanner Bibee Over 7.5,Player Strikeouts,DraftKings,7.5,260.0,Tanner Bibee
81005-40644-2024-10-05-10,Cleveland Guardians vs Detroit Tigers,Tanner Bibee Over 5.5,Player Strikeouts,DraftKings,5.5,-145.0,Tanner Bibee
81005-40644-2024-10-05-10,Cleveland Guardians vs Detroit Tigers,Tanner Bibee Under 5.5,Player Strikeouts,DraftKings,5.5,115.0,Tanner Bibee
37337-12164-2024-10-03-16,Milwaukee Brewers vs New York Mets,Blake Perkins Over 1.5,Player Hits,DraftKings,1.5,285.0,Blake Perkins
37337-12164-2024-10-03-16,Milwaukee Brewers vs New York Mets,Brandon Nimmo Over 1.5,Player Hits,DraftKings,1.5,260.0,Brandon Nimmo
37337-12164-2024-10-03-16,Milwaukee Brewers vs New York Mets,Brandon Nimmo Over 2.5,Player Hits,DraftKings,2.5,1200.0,Brandon Nimmo
37337-12164-2024-10-03-16,Milwaukee Brewers vs New York Mets,Brice Turang Over 1.5,Player Hits,DraftKings,1.5,330.0,Brice Turang
37337-12164-2024-10-03-16,Milwaukee Brewers vs New York Mets,Francisco Alvarez Over 1.5,Player Hits,DraftKings,1.5,400.0,Francisco Alvarez
37337-12164-2024-10-03-16,Milwaukee Brewers vs New York Mets,Francisco Lindor Over 1.5,Player Hits,DraftKings,1.5,190.0,Francisco Lindor
37337-12164-2024-10-03-16,Milwaukee Brewers vs New York Mets,Francisco Lindor Over 2.5,Player Hits,DraftKings,2.5,700.0,Francisco Lindor
37337-12164-2024-10-03-16,Milwaukee Brewers vs New York Mets,Gary Sanchez Over 1.5,Player Hits,DraftKings,1.5,425.0,Gary Sanchez
37337-12164-2024-10-03-16,Milwaukee Brewers vs New York Mets,Jackson Chourio Over 1.5,Player Hits,DraftKings,1.5,210.0,Jackson Chourio
37337-12164-2024-10-03-16,Milwaukee Brewers vs New York Mets,Jackson Chourio Over 2.5,Player Hits,DraftKings,2.5,950.0,Jackson Chourio
37337-12164-2024-10-03-16,Milwaukee Brewers vs New York Mets,Jesse Winker Over 1.5,Player Hits,DraftKings,1.5,475.0,Jesse Winker
37337-12164-2024-10-03-16,Milwaukee Brewers vs New York Mets,Joey Ortiz Over 1.5,Player Hits,DraftKings,1.5,400.0,Joey Ortiz
37337-12164-2024-10-03-16,Milwaukee Brewers vs New York Mets,Jose Iglesias Over 0.5,Player Hits,DraftKings,0.5,-255.0,Jose Iglesias
37337-12164-2024-10-03-16,Milwaukee Brewers vs New York Mets,Jose Iglesias Over 2.5,Player Hits,DraftKings,2.5,650.0,Jose Iglesias
37337-12164-2024-10-03-16,Milwaukee Brewers vs New York Mets,Mark Vientos Over 1.5,Player Hits,DraftKings,1.5,270.0,Mark Vientos
37337-12164-2024-10-03-16,Milwaukee Brewers vs New York Mets,Mark Vientos Over 2.5,Player Hits,DraftKings,2.5,1200.0,Mark Vientos
37337-12164-2024-10-03-16,Milwaukee Brewers vs New York Mets,Pete Alonso Over 1.5,Player Hits,DraftKings,1.5,340.0,Pete Alonso
37337-12164-2024-10-03-16,Milwaukee Brewers vs New York Mets,Rhys Hoskins Over 1.5,Player Hits,DraftKings,1.5,450.0,Rhys Hoskins
37337-12164-2024-10-03-16,Milwaukee Brewers vs New York Mets,Sal Frelick Over 1.5,Player Hits,DraftKings,1.5,320.0,Sal Frelick
37337-12164-2024-10-03-16,Milwaukee Brewers vs New York Mets,Starling Marte Over 1.5,Player Hits,DraftKings,1.5,310.0,Starling Marte
37337-12164-2024-10-03-16,Milwaukee Brewers vs New York Mets,Tyrone Taylor Over 1.5,Player Hits,DraftKings,1.5,370.0,Tyrone Taylor
37337-12164-2024-10-03-16,Milwaukee Brewers vs New York Mets,William Contreras Over 1.5,Player Hits,DraftKings,1.5,245.0,William Contreras
37337-12164-2024-10-03-16,Milwaukee Brewers vs New York Mets,William Contreras Over 2.5,Player Hits,DraftKings,2.5,1100.0,William Contreras
37337-12164-2024-10-03-16,Milwaukee Brewers vs New York Mets,Willy Adames Over 1.5,Player Hits,DraftKings,1.5,350.0,Willy Adames
37337-12164-2024-10-03-16,Milwaukee Brewers vs New York Mets,Blake Perkins Over 0.5,Player Hits,DraftKings,0.5,-195.0,Blake Perkins
37337-12164-2024-10-03-16,Milwaukee Brewers vs New York Mets,Blake Perkins Under 0.5,Player Hits,DraftKings,0.5,140.0,Blake Perkins
37337-12164-2024-10-03-16,Milwaukee Brewers vs New York Mets,Brandon Nimmo Over 0.5,Player Hits,DraftKings,0.5,-205.0,Brandon Nimmo
37337-12164-2024-10-03-16,Milwaukee Brewers vs New York Mets,Brandon Nimmo Under 0.5,Player Hits,DraftKings,0.5,145.0,Brandon Nimmo
37337-12164-2024-10-03-16,Milwaukee Brewers vs New York Mets,Brice Turang Over 0.5,Player Hits,DraftKings,0.5,-170.0,Brice Turang
37337-12164-2024-10-03-16,Milwaukee Brewers vs New York Mets,Brice Turang Under 0.5,Player Hits,DraftKings,0.5,120.0,Brice Turang
37337-12164-2024-10-03-16,Milwaukee Brewers vs New York Mets,Francisco Alvarez Over 0.5,Player Hits,DraftKings,0.5,-140.0,Francisco Alvarez
37337-12164-2024-10-03-16,Milwaukee Brewers vs New York Mets,Francisco Alvarez Under 0.5,Player Hits,DraftKings,0.5,100.0,Francisco Alvarez
37337-12164-2024-10-03-16,Milwaukee Brewers vs New York Mets,Francisco Lindor Over 0.5,Player Hits,DraftKings,0.5,-270.0,Francisco Lindor
37337-12164-2024-10-03-16,Milwaukee Brewers vs New York Mets,Francisco Lindor Under 0.5,Player Hits,DraftKings,0.5,185.0,Francisco Lindor
37337-12164-2024-10-03-16,Milwaukee Brewers vs New York Mets,Gary Sanchez Over 0.5,Player Hits,DraftKings,0.5,-135.0,Gary Sanchez
37337-12164-2024-10-03-16,Milwaukee Brewers vs New York Mets,Gary Sanchez Under 0.5,Player Hits,DraftKings,0.5,-105.0,Gary Sanchez
37337-12164-2024-10-03-16,Milwaukee Brewers vs New York Mets,Jackson Chourio Over 0.5,Player Hits,DraftKings,0.5,-255.0,Jackson Chourio
37337-12164-2024-10-03-16,Milwaukee Brewers vs New York Mets,Jackson Chourio Under 0.5,Player Hits,DraftKings,0.5,175.0,Jackson Chourio
37337-12164-2024-10-03-16,Milwaukee Brewers vs New York Mets,Jesse Winker Over 0.5,Player Hits,DraftKings,0.5,-125.0,Jesse Winker
37337-12164-2024-10-03-16,Milwaukee Brewers vs New York Mets,Jesse Winker Under 0.5,Player Hits,DraftKings,0.5,-115.0,Jesse Winker
37337-12164-2024-10-03-16,Milwaukee Brewers vs New York Mets,Joey Ortiz Over 0.5,Player Hits,DraftKings,0.5,-145.0,Joey Ortiz
37337-12164-2024-10-03-16,Milwaukee Brewers vs New York Mets,Joey Ortiz Under 0.5,Player Hits,DraftKings,0.5,100.0,Joey Ortiz
37337-12164-2024-10-03-16,Milwaukee Brewers vs New York Mets,Jose Iglesias Over 1.5,Player Hits,DraftKings,1.5,170.0,Jose Iglesias
37337-12164-2024-10-03-16,Milwaukee Brewers vs New York Mets,Jose Iglesias Under 1.5,Player Hits,DraftKings,1.5,-240.0,Jose Iglesias
37337-12164-2024-10-03-16,Milwaukee Brewers vs New York Mets,Mark Vientos Over 0.5,Player Hits,DraftKings,0.5,-210.0,Mark Vientos
37337-12164-2024-10-03-16,Milwaukee Brewers vs New York Mets,Mark Vientos Under 0.5,Player Hits,DraftKings,0.5,145.0,Mark Vientos
37337-12164-2024-10-03-16,Milwaukee Brewers vs New York Mets,Pete Alonso Over 0.5,Player Hits,DraftKings,0.5,-175.0,Pete Alonso
37337-12164-2024-10-03-16,Milwaukee Brewers vs New York Mets,Pete Alonso Under 0.5,Player Hits,DraftKings,0.5,120.0,Pete Alonso
37337-12164-2024-10-03-16,Milwaukee Brewers vs New York Mets,Rhys Hoskins Over 0.5,Player Hits,DraftKings,0.5,-135.0,Rhys Hoskins
37337-12164-2024-10-03-16,Milwaukee Brewers vs New York Mets,Rhys Hoskins Under 0.5,Player Hits,DraftKings,0.5,-105.0,Rhys Hoskins
37337-12164-2024-10-03-16,Milwaukee Brewers vs New York Mets,Sal Frelick Over 0.5,Player Hits,DraftKings,0.5,-180.0,Sal Frelick
37337-12164-2024-10-03-16,Milwaukee Brewers vs New York Mets,Sal Frelick Under 0.5,Player Hits,DraftKings,0.5,125.0,Sal Frelick
37337-12164-2024-10-03-16,Milwaukee Brewers vs New York Mets,Starling Marte Over 0.5,Player Hits,DraftKings,0.5,-180.0,Starling Marte
37337-12164-2024-10-03-16,Milwaukee Brewers vs New York Mets,Starling Marte Under 0.5,Player Hits,DraftKings,0.5,125.0,Starling Marte
37337-12164-2024-10-03-16,Milwaukee Brewers vs New York Mets,Tyrone Taylor Over 0.5,Player Hits,DraftKings,0.5,-160.0,Tyrone Taylor
37337-12164-2024-10-03-16,Milwaukee Brewers vs New York Mets,Tyrone Taylor Under 0.5,Player Hits,DraftKings,0.5,115.0,Tyrone Taylor
37337-12164-2024-10-03-16,Milwaukee Brewers vs New York Mets,William Contreras Over 0.5,Player Hits,DraftKings,0.5,-230.0,William Contreras
37337-12164-2024-10-03-16,Milwaukee Brewers vs New York Mets,William Contreras Under 0.5,Player Hits,DraftKings,0.5,160.0,William Contreras
37337-12164-2024-10-03-16,Milwaukee Brewers vs New York Mets,Willy Adames Over 0.5,Player Hits,DraftKings,0.5,-175.0,Willy Adames
37337-12164-2024-10-03-16,Milwaukee Brewers vs New York Mets,Willy Adames Under 0.5,Player Hits,DraftKings,0.5,120.0,Willy Adames
37337-12164-2024-10-03-16,Milwaukee Brewers vs New York Mets,Blake Perkins Over 0.5,Player Singles,DraftKings,0.5,-115.0,Blake Perkins
37337-12164-2024-10-03-16,Milwaukee Brewers vs New York Mets,Blake Perkins Under 0.5,Player Singles,DraftKings,0.5,-115.0,Blake Perkins
37337-12164-2024-10-03-16,Milwaukee Brewers vs New York Mets,Brandon Nimmo Over 0.5,Player Singles,DraftKings,0.5,100.0,Brandon Nimmo
37337-12164-2024-10-03-16,Milwaukee Brewers vs New York Mets,Brandon Nimmo Under 0.5,Player Singles,DraftKings,0.5,-135.0,Brandon Nimmo
37337-12164-2024-10-03-16,Milwaukee Brewers vs New York Mets,Brice Turang Over 0.5,Player Singles,DraftKings,0.5,-110.0,Brice Turang
37337-12164-2024-10-03-16,Milwaukee Brewers vs New York Mets,Brice Turang Under 0.5,Player Singles,DraftKings,0.5,-125.0,Brice Turang
37337-12164-2024-10-03-16,Milwaukee Brewers vs New York Mets,Francisco Alvarez Over 0.5,Player Singles,DraftKings,0.5,125.0,Francisco Alvarez
37337-12164-2024-10-03-16,Milwaukee Brewers vs New York Mets,Francisco Alvarez Under 0.5,Player Singles,DraftKings,0.5,-170.0,Francisco Alvarez
37337-12164-2024-10-03-16,Milwaukee Brewers vs New York Mets,Francisco Lindor Over 0.5,Player Singles,DraftKings,0.5,-105.0,Francisco Lindor
37337-12164-2024-10-03-16,Milwaukee Brewers vs New York Mets,Francisco Lindor Under 0.5,Player Singles,DraftKings,0.5,-125.0,Francisco Lindor
37337-12164-2024-10-03-16,Milwaukee Brewers vs New York Mets,Gary Sanchez Over 0.5,Player Singles,DraftKings,0.5,160.0,Gary Sanchez
37337-12164-2024-10-03-16,Milwaukee Brewers vs New York Mets,Gary Sanchez Under 0.5,Player Singles,DraftKings,0.5,-225.0,Gary Sanchez
37337-12164-2024-10-03-16,Milwaukee Brewers vs New York Mets,Jackson Chourio Over 0.5,Player Singles,DraftKings,0.5,-140.0,Jackson Chourio
37337-12164-2024-10-03-16,Milwaukee Brewers vs New York Mets,Jackson Chourio Under 0.5,Player Singles,DraftKings,0.5,105.0,Jackson Chourio
37337-12164-2024-10-03-16,Milwaukee Brewers vs New York Mets,Jesse Winker Over 0.5,Player Singles,DraftKings,0.5,130.0,Jesse Winker
37337-12164-2024-10-03-16,Milwaukee Brewers vs New York Mets,Jesse Winker Under 0.5,Player Singles,DraftKings,0.5,-175.0,Jesse Winker
37337-12164-2024-10-03-16,Milwaukee Brewers vs New York Mets,Joey Ortiz Over 0.5,Player Singles,DraftKings,0.5,115.0,Joey Ortiz
37337-12164-2024-10-03-16,Milwaukee Brewers vs New York Mets,Joey Ortiz Under 0.5,Player Singles,DraftKings,0.5,-155.0,Joey Ortiz
37337-12164-2024-10-03-16,Milwaukee Brewers vs New York Mets,Jose Iglesias Over 0.5,Player Singles,DraftKings,0.5,-200.0,Jose Iglesias
37337-12164-2024-10-03-16,Milwaukee Brewers vs New York Mets,Jose Iglesias Under 0.5,Player Singles,DraftKings,0.5,145.0,Jose Iglesias
37337-12164-2024-10-03-16,Milwaukee Brewers vs New York Mets,Mark Vientos Over 0.5,Player Singles,DraftKings,0.5,110.0,Mark Vientos
37337-12164-2024-10-03-16,Milwaukee Brewers vs New York Mets,Mark Vientos Under 0.5,Player Singles,DraftKings,0.5,-150.0,Mark Vientos
37337-12164-2024-10-03-16,Milwaukee Brewers vs New York Mets,Pete Alonso Over 0.5,Player Singles,DraftKings,0.5,135.0,Pete Alonso
37337-12164-2024-10-03-16,Milwaukee Brewers vs New York Mets,Pete Alonso Under 0.5,Player Singles,DraftKings,0.5,-185.0,Pete Alonso
37337-12164-2024-10-03-16,Milwaukee Brewers vs New York Mets,Rhys Hoskins Over 0.5,Player Singles,DraftKings,0.5,165.0,Rhys Hoskins
37337-12164-2024-10-03-16,Milwaukee Brewers vs New York Mets,Rhys Hoskins Under 0.5,Player Singles,DraftKings,0.5,-230.0,Rhys Hoskins
37337-12164-2024-10-03-16,Milwaukee Brewers vs New York Mets,Sal Frelick Over 0.5,Player Singles,DraftKings,0.5,-115.0,Sal Frelick
37337-12164-2024-10-03-16,Milwaukee Brewers vs New York Mets,Sal Frelick Under 0.5,Player Singles,DraftKings,0.5,-115.0,Sal Frelick
37337-12164-2024-10-03-16,Milwaukee Brewers vs New York Mets,Starling Marte Over 0.5,Player Singles,DraftKings,0.5,-110.0,Starling Marte
37337-12164-2024-10-03-16,Milwaukee Brewers vs New York Mets,Starling Marte Under 0.5,Player Singles,DraftKings,0.5,-120.0,Starling Marte
37337-12164-2024-10-03-16,Milwaukee Brewers vs New York Mets,Tyrone Taylor Over 0.5,Player Singles,DraftKings,0.5,130.0,Tyrone Taylor
37337-12164-2024-10-03-16,Milwaukee Brewers vs New York Mets,Tyrone Taylor Under 0.5,Player Singles,DraftKings,0.5,-180.0,Tyrone Taylor
37337-12164-2024-10-03-16,Milwaukee Brewers vs New York Mets,William Contreras Over 0.5,Player Singles,DraftKings,0.5,-110.0,William Contreras
37337-12164-2024-10-03-16,Milwaukee Brewers vs New York Mets,William Contreras Under 0.5,Player Singles,DraftKings,0.5,-125.0,William Contreras
37337-12164-2024-10-03-16,Milwaukee Brewers vs New York Mets,Willy Adames Over 0.5,Player Singles,DraftKings,0.5,130.0,Willy Adames
37337-12164-2024-10-03-16,Milwaukee Brewers vs New York Mets,Willy Adames Under 0.5,Player Singles,DraftKings,0.5,-180.0,Willy Adames
37337-12164-2024-10-03-16,Milwaukee Brewers vs New York Mets,Jose Quintana Over 2.5,Player Hits Allowed,DraftKings,2.5,-550.0,Jose Quintana
37337-12164-2024-10-03-16,Milwaukee Brewers vs New York Mets,Jose Quintana Over 3.5,Player Hits Allowed,DraftKings,3.5,-220.0,Jose Quintana
37337-12164-2024-10-03-16,Milwaukee Brewers vs New York Mets,Jose Quintana Over 5.5,Player Hits Allowed,DraftKings,5.5,190.0,Jose Quintana
37337-12164-2024-10-03-16,Milwaukee Brewers vs New York Mets,Jose Quintana Over 6.5,Player Hits Allowed,DraftKings,6.5,360.0,Jose Quintana
37337-12164-2024-10-03-16,Milwaukee Brewers vs New York Mets,Tobias Myers Over 2.5,Player Hits Allowed,DraftKings,2.5,-380.0,Tobias Myers
37337-12164-2024-10-03-16,Milwaukee Brewers vs New York Mets,Tobias Myers Over 3.5,Player Hits Allowed,DraftKings,3.5,-160.0,Tobias Myers
37337-12164-2024-10-03-16,Milwaukee Brewers vs New York Mets,Tobias Myers Over 5.5,Player Hits Allowed,DraftKings,5.5,250.0,Tobias Myers
37337-12164-2024-10-03-16,Milwaukee Brewers vs New York Mets,Tobias Myers Over 6.5,Player Hits Allowed,DraftKings,6.5,475.0,Tobias Myers
37337-12164-2024-10-03-16,Milwaukee Brewers vs New York Mets,Jose Quintana Over 4.5,Player Hits Allowed,DraftKings,4.5,-105.0,Jose Quintana
37337-12164-2024-10-03-16,Milwaukee Brewers vs New York Mets,Jose Quintana Under 4.5,Player Hits Allowed,DraftKings,4.5,-135.0,Jose Quintana
37337-12164-2024-10-03-16,Milwaukee Brewers vs New York Mets,Tobias Myers Over 4.5,Player Hits Allowed,DraftKings,4.5,125.0,Tobias Myers
37337-12164-2024-10-03-16,Milwaukee Brewers vs New York Mets,Tobias Myers Under 4.5,Player Hits Allowed,DraftKings,4.5,-180.0,Tobias Myers
37337-12164-2024-10-03-16,Milwaukee Brewers vs New York Mets,Blake Perkins Over 1.5,Player Hits + Runs + RBIs,DraftKings,1.5,-105.0,Blake Perkins
37337-12164-2024-10-03-16,Milwaukee Brewers vs New York Mets,Blake Perkins Under 1.5,Player Hits + Runs + RBIs,DraftKings,1.5,-130.0,Blake Perkins
37337-12164-2024-10-03-16,Milwaukee Brewers vs New York Mets,Brandon Nimmo Over 1.5,Player Hits + Runs + RBIs,DraftKings,1.5,-105.0,Brandon Nimmo
37337-12164-2024-10-03-16,Milwaukee Brewers vs New York Mets,Brandon Nimmo Under 1.5,Player Hits + Runs + RBIs,DraftKings,1.5,-130.0,Brandon Nimmo
37337-12164-2024-10-03-16,Milwaukee Brewers vs New York Mets,Brice Turang Over 1.5,Player Hits + Runs + RBIs,DraftKings,1.5,125.0,Brice Turang
37337-12164-2024-10-03-16,Milwaukee Brewers vs New York Mets,Brice Turang Under 1.5,Player Hits + Runs + RBIs,DraftKings,1.5,-170.0,Brice Turang
37337-12164-2024-10-03-16,Milwaukee Brewers vs New York Mets,Francisco Alvarez Over 0.5,Player Hits + Runs + RBIs,DraftKings,0.5,-175.0,Francisco Alvarez
37337-12164-2024-10-03-16,Milwaukee Brewers vs New York Mets,Francisco Alvarez Under 0.5,Player Hits + Runs + RBIs,DraftKings,0.5,130.0,Francisco Alvarez
37337-12164-2024-10-03-16,Milwaukee Brewers vs New York Mets,Francisco Lindor Over 1.5,Player Hits + Runs + RBIs,DraftKings,1.5,-135.0,Francisco Lindor
37337-12164-2024-10-03-16,Milwaukee Brewers vs New York Mets,Francisco Lindor Under 1.5,Player Hits + Runs + RBIs,DraftKings,1.5,100.0,Francisco Lindor
37337-12164-2024-10-03-16,Milwaukee Brewers vs New York Mets,Gary Sanchez Over 1.5,Player Hits + Runs + RBIs,DraftKings,1.5,120.0,Gary Sanchez
37337-12164-2024-10-03-16,Milwaukee Brewers vs New York Mets,Gary Sanchez Under 1.5,Player Hits + Runs + RBIs,DraftKings,1.5,-165.0,Gary Sanchez
37337-12164-2024-10-03-16,Milwaukee Brewers vs New York Mets,Jackson Chourio Over 1.5,Player Hits + Runs + RBIs,DraftKings,1.5,-130.0,Jackson Chourio
37337-12164-2024-10-03-16,Milwaukee Brewers vs New York Mets,Jackson Chourio Under 1.5,Player Hits + Runs + RBIs,DraftKings,1.5,-105.0,Jackson Chourio
37337-12164-2024-10-03-16,Milwaukee Brewers vs New York Mets,Jesse Winker Over 0.5,Player Hits + Runs + RBIs,DraftKings,0.5,-160.0,Jesse Winker
37337-12164-2024-10-03-16,Milwaukee Brewers vs New York Mets,Jesse Winker Under 0.5,Player Hits + Runs + RBIs,DraftKings,0.5,120.0,Jesse Winker
37337-12164-2024-10-03-16,Milwaukee Brewers vs New York Mets,Joey Ortiz Over 1.5,Player Hits + Runs + RBIs,DraftKings,1.5,135.0,Joey Ortiz
37337-12164-2024-10-03-16,Milwaukee Brewers vs New York Mets,Joey Ortiz Under 1.5,Player Hits + Runs + RBIs,DraftKings,1.5,-185.0,Joey Ortiz
37337-12164-2024-10-03-16,Milwaukee Brewers vs New York Mets,Jose Iglesias Over 1.5,Player Hits + Runs + RBIs,DraftKings,1.5,-130.0,Jose Iglesias
37337-12164-2024-10-03-16,Milwaukee Brewers vs New York Mets,Jose Iglesias Under 1.5,Player Hits + Runs + RBIs,DraftKings,1.5,-105.0,Jose Iglesias
37337-12164-2024-10-03-16,Milwaukee Brewers vs New York Mets,Mark Vientos Over 1.5,Player Hits + Runs + RBIs,DraftKings,1.5,-110.0,Mark Vientos
37337-12164-2024-10-03-16,Milwaukee Brewers vs New York Mets,Mark Vientos Under 1.5,Player Hits + Runs + RBIs,DraftKings,1.5,-125.0,Mark Vientos
37337-12164-2024-10-03-16,Milwaukee Brewers vs New York Mets,Pete Alonso Over 1.5,Player Hits + Runs + RBIs,DraftKings,1.5,110.0,Pete Alonso
37337-12164-2024-10-03-16,Milwaukee Brewers vs New York Mets,Pete Alonso Under 1.5,Player Hits + Runs + RBIs,DraftKings,1.5,-150.0,Pete Alonso
37337-12164-2024-10-03-16,Milwaukee Brewers vs New York Mets,Rhys Hoskins Over 1.5,Player Hits + Runs + RBIs,DraftKings,1.5,130.0,Rhys Hoskins
37337-12164-2024-10-03-16,Milwaukee Brewers vs New York Mets,Rhys Hoskins Under 1.5,Player Hits + Runs + RBIs,DraftKings,1.5,-175.0,Rhys Hoskins
37337-12164-2024-10-03-16,Milwaukee Brewers vs New York Mets,Sal Frelick Over 1.5,Player Hits + Runs + RBIs,DraftKings,1.5,125.0,Sal Frelick
37337-12164-2024-10-03-16,Milwaukee Brewers vs New York Mets,Sal Frelick Under 1.5,Player Hits + Runs + RBIs,DraftKings,1.5,-170.0,Sal Frelick
37337-12164-2024-10-03-16,Milwaukee Brewers vs New York Mets,Starling Marte Over 1.5,Player Hits + Runs + RBIs,DraftKings,1.5,120.0,Starling Marte
37337-12164-2024-10-03-16,Milwaukee Brewers vs New York Mets,Starling Marte Under 1.5,Player Hits + Runs + RBIs,DraftKings,1.5,-165.0,Starling Marte
37337-12164-2024-10-03-16,Milwaukee Brewers vs New York Mets,Tyrone Taylor Over 1.5,Player Hits + Runs + RBIs,DraftKings,1.5,125.0,Tyrone Taylor
37337-12164-2024-10-03-16,Milwaukee Brewers vs New York Mets,Tyrone Taylor Under 1.5,Player Hits + Runs + RBIs,DraftKings,1.5,-170.0,Tyrone Taylor
37337-12164-2024-10-03-16,Milwaukee Brewers vs New York Mets,William Contreras Over 1.5,Player Hits + Runs + RBIs,DraftKings,1.5,-120.0,William Contreras
37337-12164-2024-10-03-16,Milwaukee Brewers vs New York Mets,William Contreras Under 1.5,Player Hits + Runs + RBIs,DraftKings,1.5,-110.0,William Contreras
37337-12164-2024-10-03-16,Milwaukee Brewers vs New York Mets,Willy Adames Over 1.5,Player Hits + Runs + RBIs,DraftKings,1.5,-105.0,Willy Adames
37337-12164-2024-10-03-16,Milwaukee Brewers vs New York Mets,Willy Adames Under 1.5,Player Hits + Runs + RBIs,DraftKings,1.5,-130.0,Willy Adames
37337-12164-2024-10-03-16,Milwaukee Brewers vs New York Mets,Jose Quintana Over 2.5,Player Strikeouts,DraftKings,2.5,-475.0,Jose Quintana
37337-12164-2024-10-03-16,Milwaukee Brewers vs New York Mets,Jose Quintana Over 3.5,Player Strikeouts,DraftKings,3.5,-180.0,Jose Quintana
37337-12164-2024-10-03-16,Milwaukee Brewers vs New York Mets,Jose Quintana Over 5.5,Player Strikeouts,DraftKings,5.5,255.0,Jose Quintana
37337-12164-2024-10-03-16,Milwaukee Brewers vs New York Mets,Jose Quintana Over 6.5,Player Strikeouts,DraftKings,6.5,500.0,Jose Quintana
37337-12164-2024-10-03-16,Milwaukee Brewers vs New York Mets,Tobias Myers Over 2.5,Player Strikeouts,DraftKings,2.5,-390.0,Tobias Myers
37337-12164-2024-10-03-16,Milwaukee Brewers vs New York Mets,Tobias Myers Over 4.5,Player Strikeouts,DraftKings,4.5,135.0,Tobias Myers
37337-12164-2024-10-03-16,Milwaukee Brewers vs New York Mets,Tobias Myers Over 5.5,Player Strikeouts,DraftKings,5.5,275.0,Tobias Myers
37337-12164-2024-10-03-16,Milwaukee Brewers vs New York Mets,Jose Quintana Over 4.5,Player Strikeouts,DraftKings,4.5,130.0,Jose Quintana
37337-12164-2024-10-03-16,Milwaukee Brewers vs New York Mets,Jose Quintana Under 4.5,Player Strikeouts,DraftKings,4.5,-170.0,Jose Quintana
37337-12164-2024-10-03-16,Milwaukee Brewers vs New York Mets,Tobias Myers Over 3.5,Player Strikeouts,DraftKings,3.5,-160.0,Tobias Myers
37337-12164-2024-10-03-16,Milwaukee Brewers vs New York Mets,Tobias Myers Under 3.5,Player Strikeouts,DraftKings,3.5,120.0,Tobias Myers
